# overetch,offset,thickness,sensitivity 
0.253079,-0.023497,30.052033,0.004371
0.264623,-0.030286,30.403735,0.004428
0.313066,-0.075007,30.010850,0.004445
0.286155,-0.044255,30.012089,0.004395
0.313938,0.037502,30.100949,0.004454
0.207438,-0.035918,30.405258,0.004430
0.317835,-0.132818,29.988687,0.004494
0.342693,0.085475,29.677877,0.004482
0.319517,0.051035,29.846968,0.004434
0.327446,-0.183154,29.809747,0.004547
0.286397,0.003385,30.199618,0.004418
0.286434,0.042102,30.069006,0.004412
0.339295,0.069007,30.100164,0.004523
0.222989,0.007878,30.042311,0.004370
0.352565,0.245247,30.170370,0.004817
0.267443,0.000107,30.099816,0.004386
0.345717,0.268160,30.289083,0.004874
0.324639,-0.098283,30.296014,0.004522
0.269867,0.121763,30.318089,0.004502
0.283419,-0.017089,29.832765,0.004362
0.376741,0.174166,30.257691,0.004765
0.313514,0.058240,29.618907,0.004394
0.330167,-0.093925,29.938046,0.004478
0.269543,0.008966,30.102696,0.004389
0.373471,-0.084804,30.089687,0.004608
0.331280,0.042792,29.888761,0.004460
0.225901,-0.108362,29.986748,0.004408
0.243517,0.150778,30.024595,0.004494
0.286082,0.050477,30.401644,0.004463
0.292704,-0.204000,30.261289,0.004600
0.350924,-0.077488,29.866645,0.004506
0.307233,0.029206,30.328523,0.004472
0.235001,-0.047633,29.834435,0.004343
0.338625,0.087419,29.689546,0.004476
0.315210,-0.177919,30.040427,0.004553
0.253934,-0.213549,29.921341,0.004553
0.301442,0.011593,29.940597,0.004402
0.275877,0.102015,30.054828,0.004445
0.292344,0.074243,30.527586,0.004505
0.323655,0.181502,29.929499,0.004597
0.259830,0.078313,29.625291,0.004351
0.379804,-0.353022,30.048146,0.005063
0.304894,0.112214,29.790529,0.004451
0.372245,0.161069,29.722533,0.004651
0.291771,-0.013136,29.802716,0.004367
0.323532,-0.180305,30.341021,0.004614
0.269949,0.084980,30.003122,0.004417
0.222479,-0.086755,29.908778,0.004379
0.278118,0.112799,30.254922,0.004488
0.271739,-0.026561,29.470506,0.004300
0.334038,0.026348,30.543827,0.004554
0.251744,0.004014,30.002581,0.004364
0.226479,-0.077466,29.696131,0.004341
0.242872,0.026595,30.209235,0.004397
0.407203,-0.176508,29.852116,0.004770
0.226983,0.163210,30.419954,0.004580
0.357925,-0.047982,29.877927,0.004515
0.225370,0.034669,30.238528,0.004405
0.181124,-0.033208,29.869450,0.004379
0.316810,-0.039250,30.031767,0.004441
0.245989,0.160635,29.538140,0.004440
0.179324,-0.006266,29.878351,0.004380
0.297607,0.083775,29.781081,0.004412
0.284402,-0.084490,29.934707,0.004401
0.272202,0.186065,29.918018,0.004546
0.355239,-0.097811,30.052598,0.004557
0.292338,-0.085121,29.866838,0.004400
0.325589,-0.121457,30.006347,0.004500
0.286980,-0.012244,30.056564,0.004397
0.278265,0.141003,29.772853,0.004454
0.259468,0.033031,29.851143,0.004354
0.263652,0.128128,30.168575,0.004485
0.311964,0.189748,29.740368,0.004564
0.311911,-0.045994,30.064447,0.004439
0.254221,-0.106476,30.483916,0.004476
0.279659,-0.108913,29.955239,0.004418
0.226351,0.031859,30.135136,0.004389
0.305813,-0.107952,30.114784,0.004471
0.318790,-0.148746,30.187722,0.004542
0.225067,-0.035319,29.866498,0.004346
0.343766,0.159096,30.524637,0.004692
0.329115,0.000540,29.541660,0.004393
0.306361,-0.080406,30.246963,0.004471
0.282660,0.000057,29.967515,0.004381
0.220379,0.065028,30.198572,0.004420
0.331850,-0.024840,30.357430,0.004516
0.308197,-0.279512,29.791262,0.004703
0.370676,0.199656,29.995369,0.004748
0.371949,-0.160785,29.483328,0.004575
0.323528,0.068185,29.992370,0.004473
0.278499,-0.107455,29.974213,0.004418
0.226369,-0.190775,30.222925,0.004564
0.243913,-0.003741,30.144372,0.004381
0.340421,0.219164,29.968967,0.004704
0.361677,-0.069495,29.331214,0.004453
0.305849,-0.011169,30.041069,0.004421
0.379852,0.049744,29.953372,0.004606
0.297602,0.189594,29.979786,0.004582
0.203247,0.038288,29.990792,0.004383
0.300233,0.043389,29.776935,0.004388
0.282343,-0.095391,29.668010,0.004368
0.309802,-0.151666,30.027543,0.004508
0.349149,-0.105891,29.671436,0.004490
0.259921,-0.103218,30.179479,0.004432
0.338777,-0.227062,30.329237,0.004717
0.349803,0.017892,30.049678,0.004518
0.264259,-0.094379,30.413739,0.004460
0.279747,0.172145,30.060538,0.004546
0.329253,0.071112,29.692725,0.004443
0.272585,-0.021904,30.310637,0.004420
0.273283,-0.012669,30.259878,0.004413
0.321795,-0.043228,29.870709,0.004428
0.251449,0.207364,30.165214,0.004624
0.345679,0.179973,29.703335,0.004605
0.266159,-0.001523,29.933793,0.004361
0.277124,0.130967,30.290245,0.004515
0.227427,0.005500,30.278903,0.004401
0.322660,0.118651,29.788861,0.004487
0.391583,0.225955,30.072424,0.004874
0.325918,0.021580,29.927341,0.004446
0.210159,0.146251,30.230888,0.004534
0.303288,-0.015801,30.336647,0.004459
0.231136,-0.161330,29.891124,0.004461
0.299206,-0.187990,29.945589,0.004533
0.284803,-0.237773,30.207029,0.004652
0.236463,-0.031823,29.810510,0.004335
0.340990,-0.089665,30.135163,0.004528
0.335140,-0.093074,30.175063,0.004522
0.316196,-0.133880,29.980481,0.004492
0.362253,-0.106371,30.196907,0.004603
0.190530,-0.066796,30.240387,0.004436
0.355603,0.036846,29.735481,0.004494
0.255513,-0.063859,30.046740,0.004384
0.313592,0.141846,29.965010,0.004525
0.252560,0.050754,29.847109,0.004360
0.332310,-0.052694,30.174560,0.004496
0.262126,-0.099640,30.230495,0.004437
0.287383,0.120056,30.268398,0.004507
0.290434,-0.060809,29.960450,0.004398
0.297282,-0.050359,29.877418,0.004391
0.207008,0.074086,30.205680,0.004437
0.216751,-0.132518,30.039878,0.004449
0.360559,-0.004745,30.164550,0.004561
0.268768,0.035157,30.218418,0.004413
0.313865,0.169289,30.167216,0.004596
0.298342,0.096958,29.797772,0.004427
0.322676,0.002189,30.080528,0.004458
0.254239,-0.062259,30.126210,0.004394
0.282111,-0.151846,29.914248,0.004460
0.372466,-0.208683,29.890356,0.004702
0.336404,-0.048851,29.804791,0.004451
0.349180,0.030377,30.095970,0.004527
0.324336,-0.095114,29.561775,0.004413
0.338212,-0.197396,30.097306,0.004631
0.337774,-0.109660,29.931117,0.004505
0.277206,0.049569,30.056106,0.004404
0.304190,-0.105654,29.948915,0.004442
0.284583,0.049519,29.616500,0.004349
0.246683,0.174409,30.198280,0.004561
0.261593,-0.086732,30.153151,0.004416
0.331174,0.218464,30.038890,0.004695
0.263881,0.004584,30.020185,0.004373
0.298110,-0.042451,30.188090,0.004434
0.278907,0.211635,30.112974,0.004631
0.318540,-0.057131,29.865401,0.004426
0.268998,0.206517,29.783031,0.004566
0.261877,-0.093580,30.206720,0.004429
0.313806,0.043973,29.856271,0.004421
0.297813,0.000671,29.443862,0.004325
0.235307,-0.055265,29.937494,0.004361
0.352381,-0.042257,29.795499,0.004487
0.290626,-0.207541,30.162190,0.004590
0.322884,-0.131788,30.297588,0.004547
0.273911,-0.024656,30.252521,0.004413
0.288359,0.081132,30.194048,0.004458
0.296538,-0.128314,29.984263,0.004458
0.284129,0.080482,29.881715,0.004408
0.314309,0.009760,29.797008,0.004402
0.301799,-0.040431,30.007636,0.004413
0.327273,-0.073401,30.148293,0.004490
0.344407,0.118558,29.813190,0.004537
0.290056,-0.077795,30.202195,0.004441
0.272511,0.048885,29.229949,0.004282
0.365810,-0.075814,29.907517,0.004553
0.366913,-0.152179,30.018615,0.004631
0.156285,0.008334,30.090796,0.004449
0.302153,-0.037867,29.697132,0.004369
0.278655,-0.203203,30.013635,0.004552
0.330376,-0.040176,30.300788,0.004507
0.314514,0.153133,29.853366,0.004526
0.180035,0.065041,30.552874,0.004508
0.238860,0.025634,29.800018,0.004338
0.321931,-0.065601,29.487355,0.004381
0.209402,-0.052911,29.695291,0.004334
0.289449,0.062351,29.544711,0.004352
0.314637,0.123987,29.943637,0.004501
0.266092,0.027390,29.943354,0.004369
0.280496,-0.033193,30.127189,0.004402
0.260889,0.156454,30.029080,0.004506
0.315555,-0.105094,29.619821,0.004412
0.340987,-0.046111,29.513549,0.004418
0.287658,0.107842,30.269436,0.004493
0.379785,0.188063,30.134556,0.004778
0.269747,-0.016683,30.211441,0.004403
0.320394,0.002328,30.301531,0.004485
0.238498,0.000482,30.283185,0.004401
0.346262,0.191298,29.888249,0.004653
0.312226,-0.153816,29.560894,0.004446
0.340012,0.021782,29.950651,0.004481
0.320618,-0.078677,30.350894,0.004509
0.244313,-0.119911,30.303460,0.004463
0.272767,0.050650,30.100984,0.004407
0.278881,0.015173,29.754839,0.004349
0.332253,0.012442,30.301099,0.004511
0.503022,-0.398967,29.874156,0.005713
0.238322,0.099236,29.576312,0.004360
0.358046,0.085793,29.984331,0.004567
0.350904,0.057096,30.055477,0.004538
0.302788,0.067848,29.884577,0.004422
0.335385,0.089064,30.042433,0.004521
0.281923,0.054173,30.318084,0.004449
0.353659,-0.019933,30.250784,0.004554
0.285072,0.065271,30.419639,0.004474
0.263931,0.032152,29.910192,0.004365
0.258993,0.169430,29.898928,0.004509
0.339795,-0.245879,29.694531,0.004659
0.374883,-0.062610,30.138915,0.004609
0.302106,0.022394,30.081966,0.004426
0.242580,0.165418,29.659972,0.004466
0.283436,0.018166,29.849789,0.004368
0.328227,-0.210580,29.955569,0.004613
0.293651,-0.146177,29.966435,0.004472
0.340869,-0.178176,29.975251,0.004591
0.298270,0.044660,29.942026,0.004410
0.309018,-0.116100,30.030677,0.004470
0.323586,-0.070561,30.170867,0.004485
0.265276,0.116810,30.253374,0.004484
0.331494,-0.023132,30.333889,0.004512
0.328660,0.173022,29.746118,0.004565
0.331011,0.115632,29.825253,0.004505
0.235477,-0.034777,29.918420,0.004351
0.324945,0.011249,30.026266,0.004456
0.357954,0.088555,29.635739,0.004517
0.269299,-0.032159,30.189859,0.004401
0.276259,-0.066959,29.816551,0.004366
0.285380,0.037082,30.052693,0.004406
0.316393,0.023623,29.957836,0.004433
0.317123,-0.182737,29.908701,0.004543
0.253365,-0.155847,30.441315,0.004529
0.340496,0.040951,30.432255,0.004559
0.310885,0.115794,29.905537,0.004480
0.284330,0.134402,30.093544,0.004497
0.307409,-0.192353,29.473331,0.004480
0.259442,0.036872,29.924423,0.004366
0.271841,-0.130470,30.011890,0.004441
0.340180,0.183535,29.821736,0.004616
0.326095,-0.040367,29.947762,0.004447
0.271021,-0.138523,30.073575,0.004459
0.327886,0.050040,29.991511,0.004471
0.304406,0.046399,30.145143,0.004449
0.282318,-0.036861,30.222727,0.004419
0.308085,0.119675,30.029729,0.004499
0.245054,-0.039005,30.090633,0.004378
0.367549,-0.038223,30.474314,0.004629
0.296012,0.007407,30.101026,0.004417
0.282770,-0.112049,29.728807,0.004391
0.306232,0.207705,29.931810,0.004619
0.335903,0.043536,29.829748,0.004462
0.305089,-0.100541,30.087782,0.004460
0.342805,0.075334,30.028420,0.004526
0.345629,0.089072,29.864580,0.004519
0.399255,0.097842,30.178204,0.004742
0.321306,-0.096608,30.332001,0.004519
0.357641,-0.097209,29.927647,0.004544
0.293816,-0.034470,30.024073,0.004403
0.285628,0.020470,30.069470,0.004402
0.308644,-0.054779,30.371684,0.004480
0.338427,-0.094549,29.859555,0.004485
0.314507,0.094460,29.283507,0.004375
0.285524,0.128140,29.855050,0.004455
0.330625,0.006080,30.515042,0.004537
0.291620,-0.033403,30.364660,0.004449
0.258667,-0.126766,29.906323,0.004416
0.227314,-0.086607,30.097277,0.004404
0.369898,-0.155095,30.119360,0.004658
0.320782,-0.148032,29.863307,0.004498
0.262019,0.244996,29.839148,0.004665
0.293489,-0.108757,30.235277,0.004472
0.279757,0.066842,29.891377,0.004394
0.338707,-0.157969,29.988796,0.004563
0.304207,0.201960,29.889329,0.004599
0.227038,-0.142959,30.365539,0.004504
0.378517,-0.156229,29.739643,0.004629
0.285865,-0.092117,30.177025,0.004442
0.320862,-0.073009,29.918520,0.004445
0.323284,0.099520,30.432363,0.004562
0.408315,-0.270401,29.821785,0.004917
0.268692,0.206164,29.617996,0.004541
0.324491,0.062215,29.918824,0.004460
0.304800,0.038229,30.215386,0.004455
0.332714,0.047046,30.064600,0.004490
0.319813,-0.091708,30.190506,0.004493
0.332943,-0.126629,29.664086,0.004470
0.252297,0.007863,30.209453,0.004394
0.330332,0.036345,29.737120,0.004433
0.233050,0.149848,30.179601,0.004518
0.339804,0.023478,29.615677,0.004432
0.389924,0.060283,30.061760,0.004663
0.345272,0.189639,29.787662,0.004633
0.333491,0.025205,30.221262,0.004506
0.375866,0.085578,30.016011,0.004625
0.318351,-0.025464,30.332045,0.004485
0.198624,0.145069,29.917810,0.004498
0.379723,-0.211537,29.622548,0.004687
0.299040,0.058636,30.108775,0.004442
0.275025,0.055251,29.765756,0.004364
0.264417,0.221371,30.333534,0.004681
0.344107,0.002873,29.631129,0.004440
0.367804,0.168553,29.988851,0.004688
0.350266,-0.087276,30.168135,0.004554
0.218362,0.149431,30.310846,0.004544
0.342153,0.081790,29.964326,0.004519
0.336761,0.114426,29.840947,0.004519
0.314706,0.126682,29.985934,0.004511
0.316765,0.195208,30.321774,0.004668
0.297699,0.042315,29.408408,0.004331
0.289784,0.054862,29.524226,0.004345
0.294856,0.071124,29.977498,0.004426
0.367508,-0.123372,30.158285,0.004626
0.320574,-0.059074,30.487104,0.004520
0.408943,-0.111538,29.747303,0.004699
0.364086,-0.117011,30.165408,0.004612
0.301885,-0.066130,29.855973,0.004401
0.177234,0.064883,30.315877,0.004478
0.350479,0.087820,30.088239,0.004563
0.351423,0.107459,29.813024,0.004543
0.333097,-0.133355,29.580675,0.004464
0.287493,-0.067587,29.904255,0.004390
0.263799,-0.033568,30.176556,0.004396
0.261034,-0.104111,29.803674,0.004380
0.333583,-0.232145,29.918221,0.004655
0.303508,0.002789,30.019300,0.004415
0.269192,-0.157944,30.167590,0.004497
0.310533,-0.055862,29.896631,0.004416
0.328465,0.042368,30.054073,0.004477
0.273695,-0.016086,30.058563,0.004384
0.311762,0.210323,29.858391,0.004621
0.290977,-0.202414,30.161845,0.004581
0.381600,-0.042548,29.793629,0.004574
0.314940,0.111417,29.910252,0.004483
0.287138,-0.122976,29.959060,0.004439
0.320800,0.125527,30.132622,0.004542
0.336273,0.315536,30.341659,0.004996
0.260217,0.161276,29.757570,0.004474
0.240990,0.081298,29.550092,0.004338
0.354773,-0.056732,29.860278,0.004507
0.364826,0.007014,30.188581,0.004579
0.267803,-0.199553,30.297970,0.004582
0.282989,0.047962,29.853525,0.004380
0.290481,-0.124993,29.740507,0.004413
0.331993,-0.163413,29.968261,0.004552
0.270904,-0.216767,30.002480,0.004573
0.289601,-0.015726,29.872791,0.004374
0.336638,0.351780,29.682406,0.005007
0.269435,-0.114092,30.485244,0.004491
0.269053,0.215084,29.733123,0.004578
0.250982,0.045883,30.056654,0.004386
0.314041,-0.004601,30.275515,0.004469
0.302858,-0.033791,30.246665,0.004448
0.205296,0.109142,29.821607,0.004422
0.238988,0.060470,29.892262,0.004370
0.278227,-0.058769,29.934327,0.004381
0.363614,-0.057335,30.005181,0.004553
0.184497,0.063061,30.273392,0.004460
0.396105,-0.149460,29.770862,0.004686
0.282138,-0.198722,29.886294,0.004527
0.196786,0.112836,29.981158,0.004459
0.291069,-0.018984,30.051212,0.004402
0.301418,0.146597,29.805182,0.004491
0.170388,-0.005603,30.246295,0.004445
0.390040,-0.409306,30.124969,0.005281
0.279263,-0.092695,29.779249,0.004379
0.270026,0.005793,29.890788,0.004359
0.329900,-0.216109,29.813527,0.004604
0.226759,0.066641,29.708022,0.004350
0.315398,0.115961,29.551102,0.004436
0.274591,0.040970,30.310490,0.004434
0.277532,0.095061,29.806788,0.004404
0.325566,0.005530,30.095090,0.004466
0.299898,0.028257,29.884927,0.004397
0.224045,0.035441,29.927041,0.004362
0.342409,0.075260,30.394434,0.004578
0.295997,-0.140984,29.719892,0.004433
0.271793,0.194207,30.286939,0.004617
0.401991,0.018855,30.043496,0.004688
0.341134,0.063561,29.875564,0.004491
0.261228,0.194137,30.000484,0.004571
0.302397,-0.029452,29.917995,0.004399
0.322592,0.081030,30.159354,0.004505
0.312133,0.026174,29.605671,0.004375
0.279518,-0.091408,30.179472,0.004436
0.207831,-0.025432,30.162627,0.004393
0.368434,-0.173503,30.063618,0.004667
0.251374,0.162222,30.134024,0.004529
0.330903,-0.051562,29.934518,0.004458
0.245084,-0.066018,30.132103,0.004394
0.280445,-0.166932,29.514803,0.004421
0.304521,0.028120,30.136356,0.004440
0.245270,-0.112550,29.829231,0.004387
0.300617,0.042017,29.955749,0.004414
0.268798,0.168270,30.385846,0.004581
0.318941,0.075956,30.039739,0.004477
0.329651,-0.013418,29.940318,0.004451
0.483289,0.150461,29.902516,0.005177
0.322397,0.024747,29.660510,0.004402
0.338758,0.087427,29.903008,0.004507
0.329421,-0.243430,30.317731,0.004730
0.291262,0.144455,29.694709,0.004460
0.349132,-0.083787,29.829993,0.004500
0.290054,-0.086945,29.958531,0.004412
0.303699,0.113818,30.290783,0.004523
0.344801,0.213262,29.815858,0.004679
0.263571,-0.146445,29.962160,0.004449
0.317808,0.076763,29.860290,0.004449
0.378162,0.025842,29.807479,0.004569
0.278023,-0.143526,29.805506,0.004431
0.259312,0.113652,30.415716,0.004500
0.255269,-0.110361,29.938533,0.004402
0.302550,-0.060902,29.994996,0.004419
0.297627,0.006359,29.760614,0.004370
0.216633,-0.044700,29.603702,0.004314
0.322608,0.075790,29.701568,0.004435
0.418355,-0.165865,29.716325,0.004781
0.245453,-0.069190,29.567379,0.004316
0.361906,-0.118691,30.162490,0.004607
0.340687,0.022288,30.007343,0.004491
0.256587,-0.234387,30.019558,0.004612
0.282056,0.038987,30.348718,0.004445
0.290226,-0.094112,29.824498,0.004398
0.222187,0.066659,29.926093,0.004382
0.282580,-0.054563,30.056237,0.004401
0.339745,0.060039,29.640315,0.004452
0.292567,-0.218368,29.926904,0.004577
0.221548,-0.070499,30.453652,0.004445
0.218208,-0.062532,30.173754,0.004402
0.304141,-0.146819,29.904667,0.004477
0.345776,-0.055320,30.077647,0.004515
0.307566,-0.197580,29.482400,0.004490
0.347198,0.103364,30.019217,0.004558
0.303061,-0.095764,29.975896,0.004437
0.345911,0.009300,30.246597,0.004535
0.323218,0.065494,29.828182,0.004447
0.362478,0.116797,29.742025,0.004571
0.251031,-0.021118,29.568648,0.004302
0.229925,0.242178,29.834578,0.004674
0.274894,0.105848,29.792222,0.004411
0.292553,-0.026794,29.816876,0.004371
0.242965,-0.128374,29.893290,0.004413
0.289073,-0.083534,29.663346,0.004366
0.387163,-0.298910,30.357128,0.004992
0.289983,-0.096677,30.331505,0.004472
0.378990,-0.087399,30.032245,0.004618
0.309423,-0.073920,30.171144,0.004461
0.309818,0.064549,29.872569,0.004429
0.292486,-0.042095,30.168968,0.004424
0.357229,-0.067272,30.092618,0.004552
0.208604,-0.141890,30.251848,0.004499
0.248498,0.045636,29.527832,0.004310
0.240415,0.028541,29.762171,0.004334
0.245632,-0.022156,30.367794,0.004414
0.275677,0.041205,29.544225,0.004326
0.311698,0.000646,30.167819,0.004450
0.270117,-0.004325,30.151744,0.004395
0.341109,-0.125096,29.902223,0.004521
0.262318,0.160557,30.292145,0.004552
0.224578,-0.042461,30.242123,0.004401
0.424654,-0.101486,29.965838,0.004793
0.381283,-0.085884,29.985393,0.004618
0.246654,-0.135957,30.351862,0.004488
0.304792,-0.262702,30.204239,0.004723
0.327473,0.199180,30.459945,0.004715
0.277584,0.100937,29.882094,0.004421
0.276122,0.056162,29.777085,0.004367
0.270288,-0.118924,30.208721,0.004457
0.330156,-0.313190,29.844061,0.004823
0.308184,-0.099107,30.123391,0.004468
0.347354,-0.091773,29.849421,0.004503
0.278570,-0.143290,30.235117,0.004493
0.279640,0.022007,30.036157,0.004392
0.355357,0.057702,30.029332,0.004547
0.261617,0.038382,29.879645,0.004362
0.287193,-0.015478,30.010482,0.004391
0.260753,0.063590,29.938788,0.004385
0.367587,-0.161217,30.243711,0.004677
0.304342,-0.072555,29.831061,0.004404
0.345223,-0.009684,29.734019,0.004457
0.352597,0.086062,29.999935,0.004554
0.284017,-0.012159,29.821180,0.004361
0.298555,-0.054022,29.968460,0.004407
0.373556,-0.084352,30.324030,0.004642
0.392031,0.105441,30.392177,0.004754
0.279276,0.132655,30.266539,0.004515
0.293761,0.087418,29.960156,0.004436
0.328014,0.136082,29.905919,0.004535
0.268779,-0.082602,29.942407,0.004387
0.197382,-0.001681,29.562464,0.004315
0.273555,-0.275473,29.587843,0.004645
0.334258,0.167576,29.867137,0.004585
0.320220,-0.040776,30.028865,0.004448
0.245687,0.215537,30.231421,0.004654
0.325679,-0.055791,29.605977,0.004402
0.185283,0.042375,29.906493,0.004392
0.362083,0.048792,30.067422,0.004567
0.268113,0.005197,30.162964,0.004396
0.308397,0.216084,30.227207,0.004683
0.229570,0.018388,29.650891,0.004315
0.338159,-0.159536,29.774012,0.004531
0.294919,-0.053660,30.004982,0.004407
0.257152,0.079646,29.743762,0.004368
0.294586,0.121031,29.815924,0.004451
0.291741,0.139801,30.391762,0.004555
0.299894,-0.161732,30.026149,0.004507
0.228572,0.034266,29.682095,0.004326
0.305851,0.192588,30.002091,0.004600
0.360553,0.072101,29.805204,0.004537
0.390476,-0.104923,30.258159,0.004702
0.232605,-0.100848,29.858181,0.004381
0.204766,0.007656,29.849797,0.004351
0.322578,-0.061004,29.466912,0.004377
0.366612,-0.206667,30.041901,0.004705
0.308337,-0.043063,30.367390,0.004476
0.381795,-0.124792,30.386419,0.004707
0.258038,-0.064642,29.870206,0.004361
0.409318,-0.091121,29.822121,0.004700
0.338064,-0.131119,30.013828,0.004536
0.272733,0.080258,30.407741,0.004472
0.319050,-0.048049,30.011222,0.004445
0.347523,-0.077849,29.826420,0.004492
0.297236,-0.067944,29.705149,0.004374
0.292651,0.115796,29.974235,0.004465
0.310890,-0.115512,30.251801,0.004505
0.371966,0.086688,30.223566,0.004644
0.293809,-0.221160,30.129338,0.004613
0.344442,-0.240611,29.791846,0.004672
0.278419,0.084386,29.962489,0.004417
0.296318,-0.040367,30.481880,0.004473
0.300720,-0.048676,30.047787,0.004420
0.363242,0.057219,29.794089,0.004534
0.352869,0.122048,29.892096,0.004573
0.247848,0.060129,30.101756,0.004401
0.291850,0.085061,30.130191,0.004456
0.277395,-0.037882,30.285652,0.004423
0.359341,0.077833,29.822908,0.004540
0.329548,-0.076189,29.950963,0.004468
0.213731,-0.085701,30.060035,0.004404
0.319400,-0.133247,30.023750,0.004503
0.303825,-0.081969,30.118755,0.004450
0.282425,0.159445,30.091461,0.004532
0.297369,-0.029484,30.070362,0.004414
0.321558,-0.061563,30.018320,0.004455
0.325706,0.155356,30.135551,0.004590
0.301652,-0.224587,29.526167,0.004537
0.274199,-0.021873,30.039769,0.004383
0.289681,0.236711,29.953332,0.004670
0.262280,0.026583,29.790408,0.004345
0.304359,0.027881,29.437714,0.004339
0.298074,-0.224881,29.886379,0.004588
0.300358,0.042204,30.065279,0.004429
0.303425,0.002037,30.001014,0.004412
0.217131,-0.143107,30.303805,0.004501
0.332823,-0.229051,29.712067,0.004617
0.225027,-0.116670,29.828207,0.004395
0.358122,-0.082545,29.775799,0.004515
0.325114,0.173008,29.605551,0.004537
0.426236,-0.237273,29.902090,0.004941
0.348710,0.035028,30.215402,0.004545
0.284722,0.034751,29.757311,0.004362
0.327090,0.014713,29.651565,0.004407
0.239456,0.209301,30.248994,0.004645
0.191694,-0.007123,29.922799,0.004371
0.247980,0.158720,30.078050,0.004515
0.270709,0.230344,30.063196,0.004663
0.298353,0.088924,30.158252,0.004472
0.272059,-0.240261,29.816921,0.004595
0.332685,0.146866,29.954412,0.004566
0.247140,0.098558,29.742872,0.004383
0.287894,-0.097137,30.257712,0.004459
0.216364,0.005680,30.326466,0.004412
0.346633,0.027868,30.011778,0.004508
0.260972,0.065560,30.262466,0.004432
0.217268,-0.018475,30.267278,0.004402
0.262535,-0.139290,30.189856,0.004473
0.206479,0.083914,30.198735,0.004446
0.278875,0.157700,29.951768,0.004506
0.248082,-0.044121,29.961182,0.004361
0.334292,0.128531,29.800314,0.004523
0.253903,-0.157226,30.156655,0.004490
0.180351,0.049996,30.243562,0.004451
0.301252,-0.309273,29.964299,0.004803
0.237992,0.075323,30.186975,0.004424
0.226914,-0.008931,29.847177,0.004339
0.181535,-0.039479,29.981988,0.004397
0.323395,-0.010646,29.692276,0.004402
0.353238,-0.032336,29.969491,0.004513
0.247994,0.000870,30.602344,0.004447
0.308580,-0.007580,29.861668,0.004400
0.200747,-0.227011,29.776804,0.004608
0.283272,-0.157505,29.903344,0.004467
0.250742,-0.124490,30.237195,0.004459
0.280712,-0.043004,30.414127,0.004446
0.264638,-0.030363,30.301629,0.004414
0.294149,0.086863,29.890351,0.004426
0.321189,0.250819,29.779252,0.004710
0.290101,0.159366,30.244104,0.004561
0.286229,0.123540,30.049993,0.004478
0.229112,-0.033909,30.093140,0.004376
0.400222,-0.045307,29.994795,0.004673
0.256852,0.015788,29.829091,0.004344
0.295923,-0.001764,29.842354,0.004379
0.377746,0.147363,30.128787,0.004711
0.332417,0.143637,29.949484,0.004560
0.339176,0.027332,30.091941,0.004501
0.325320,-0.024952,30.585029,0.004535
0.274269,-0.004441,30.094167,0.004390
0.200396,-0.109611,30.257679,0.004466
0.305241,0.095497,29.578282,0.004404
0.338103,-0.203040,29.943178,0.004617
0.334918,0.109916,29.711076,0.004491
0.259440,0.158615,29.901688,0.004491
0.353006,0.132734,30.276991,0.004643
0.295993,-0.025017,30.259960,0.004438
0.348887,0.390927,29.818557,0.005189
0.314977,-0.189432,30.113792,0.004580
0.245751,-0.083878,29.945505,0.004379
0.280791,0.117549,30.479508,0.004528
0.314680,0.081054,30.090661,0.004480
0.289855,0.095494,30.094336,0.004458
0.351084,0.066066,29.637728,0.004483
0.281187,0.026518,30.418398,0.004449
0.418170,0.060759,29.892565,0.004749
0.335368,-0.046445,30.014633,0.004478
0.311103,-0.138533,29.858407,0.004471
0.329938,-0.136120,30.031728,0.004526
0.363807,-0.007186,30.337544,0.004596
0.379002,-0.100647,30.105160,0.004637
0.281306,-0.198669,29.852436,0.004521
0.217796,0.034507,29.902702,0.004360
0.299597,0.021391,29.807996,0.004383
0.274114,0.187501,29.812340,0.004534
0.263258,0.026280,29.860350,0.004355
0.358660,0.029995,30.031013,0.004543
0.210412,0.012297,30.422580,0.004430
0.248595,-0.026648,30.023454,0.004366
0.301377,-0.149857,29.805711,0.004462
0.278029,-0.004115,29.370294,0.004291
0.364350,-0.079004,29.864978,0.004544
0.215448,-0.127287,30.105281,0.004453
0.290732,-0.187890,29.989073,0.004531
0.342140,-0.106805,29.956221,0.004516
0.250642,-0.188507,30.046493,0.004524
0.307133,0.064434,29.845251,0.004420
0.326508,-0.040292,30.074927,0.004466
0.306838,0.090369,29.913659,0.004450
0.289967,0.179832,29.571968,0.004496
0.220242,0.049990,30.315936,0.004427
0.366802,0.055088,29.780863,0.004541
0.351751,0.167408,29.781101,0.004612
0.264208,-0.238976,30.079277,0.004631
0.232728,-0.037957,29.948748,0.004357
0.379099,-0.174209,29.972087,0.004687
0.206460,0.152926,30.010392,0.004517
0.333259,-0.030290,30.097450,0.004482
0.345857,-0.106049,29.762779,0.004496
0.317852,-0.369417,30.158422,0.005034
0.249378,-0.054465,29.715296,0.004331
0.308913,-0.111733,29.603502,0.004405
0.287806,0.015418,29.930310,0.004384
0.332145,-0.083182,29.853849,0.004463
0.306137,-0.097000,29.951902,0.004439
0.296219,0.074872,30.154783,0.004457
0.267580,0.051699,30.109520,0.004405
0.341484,-0.155445,30.080282,0.004579
0.288410,0.021580,30.098255,0.004410
0.312559,0.050542,29.552544,0.004379
0.251396,0.172447,30.016557,0.004531
0.241419,0.020659,30.112186,0.004381
0.275327,0.071462,29.878910,0.004392
0.292674,-0.335974,30.098684,0.004903
0.373398,-0.009443,29.837879,0.004552
0.231358,0.008954,29.945307,0.004354
0.235335,-0.007878,30.262857,0.004397
0.343853,0.069521,29.750204,0.004483
0.256692,0.151482,29.912260,0.004480
0.333516,0.057688,29.677494,0.004442
0.304626,-0.081279,29.859748,0.004413
0.247489,-0.104377,29.976161,0.004401
0.326615,0.371553,30.021246,0.005122
0.331282,0.305659,30.026714,0.004908
0.295278,-0.027007,30.190030,0.004428
0.288442,0.011106,29.711915,0.004352
0.297303,0.005408,30.253131,0.004440
0.309304,0.051483,30.100154,0.004453
0.325200,0.048326,29.940779,0.004457
0.308730,-0.135081,30.392168,0.004541
0.363004,-0.010245,30.210404,0.004575
0.246295,-0.120361,29.961329,0.004414
0.226176,0.027209,30.130159,0.004387
0.352321,0.141647,29.920302,0.004599
0.275491,-0.093297,29.845758,0.004386
0.380881,0.018791,29.498832,0.004530
0.379761,-0.117169,30.109511,0.004652
0.319105,0.082555,29.675316,0.004429
0.324146,-0.025443,29.542756,0.004383
0.351648,0.019385,29.796952,0.004487
0.323208,0.046287,29.700662,0.004418
0.396885,0.106453,30.465140,0.004785
0.378224,0.101265,29.899544,0.004628
0.217477,0.142513,30.240310,0.004523
0.192670,-0.062034,29.924976,0.004386
0.221075,-0.027952,29.642773,0.004313
0.339182,0.008388,30.014999,0.004485
0.296876,-0.173973,29.838220,0.004493
0.343170,0.129027,30.165675,0.004598
0.370982,0.035699,30.067562,0.004588
0.269236,0.272089,30.292584,0.004809
0.196820,0.009162,30.217233,0.004410
0.339231,0.041948,30.400629,0.004552
0.352931,0.115507,30.313316,0.004629
0.271107,0.086653,29.924612,0.004408
0.281403,0.093945,29.927235,0.004424
0.329904,-0.063715,30.087867,0.004483
0.309974,0.085618,29.535554,0.004396
0.254237,0.027476,30.130766,0.004389
0.358124,0.053553,29.848468,0.004525
0.253162,0.116908,30.206048,0.004472
0.331744,0.030219,29.928403,0.004461
0.260977,0.131230,29.795283,0.004434
0.273867,-0.105555,30.118669,0.004434
0.213166,0.058975,30.094396,0.004405
0.272625,-0.057337,29.905687,0.004371
0.299586,0.114740,29.985243,0.004474
0.184023,-0.105373,30.079081,0.004456
0.290750,0.040278,29.926500,0.004396
0.257005,0.001374,29.978824,0.004363
0.273196,0.075788,29.672623,0.004364
0.362592,-0.014078,30.342157,0.004593
0.278657,-0.199667,30.147650,0.004565
0.323237,0.070245,30.242898,0.004510
0.351470,0.053706,29.607364,0.004472
0.297153,-0.059052,30.073594,0.004422
0.358656,0.025911,30.010445,0.004539
0.221960,-0.013813,29.904070,0.004349
0.296687,0.127096,29.953385,0.004481
0.282390,0.000208,29.700179,0.004342
0.294560,0.042180,29.956132,0.004406
0.375976,-0.219563,29.845109,0.004722
0.358448,0.155128,29.786408,0.004613
0.399948,-0.352309,30.045321,0.005118
0.316087,-0.162086,30.030880,0.004531
0.363105,0.010204,30.112484,0.004563
0.271583,0.160984,30.090966,0.004527
0.254158,0.021891,30.028751,0.004373
0.353611,-0.054365,29.775080,0.004490
0.268324,0.237138,30.164140,0.004694
0.206016,-0.061876,29.977610,0.004382
0.260940,-0.042426,30.055164,0.004379
0.215417,0.135456,30.066387,0.004488
0.178585,0.140723,29.960765,0.004526
0.303431,0.142340,30.012241,0.004518
0.371977,0.037604,29.479400,0.004504
0.426050,0.339244,30.035463,0.005271
0.269828,-0.007444,29.980188,0.004370
0.307211,0.109758,30.285083,0.004523
0.334091,-0.058794,29.988003,0.004475
0.324673,-0.079718,30.187639,0.004494
0.404400,0.272941,30.197138,0.005040
0.338014,0.001868,30.419884,0.004540
0.259576,-0.103828,30.310223,0.004451
0.292047,-0.034084,29.392709,0.004311
0.296526,0.058655,30.170779,0.004448
0.323568,-0.146583,30.127491,0.004540
0.277305,0.041372,30.147784,0.004413
0.330567,-0.228891,30.135965,0.004676
0.270921,0.191782,30.087082,0.004582
0.298270,0.019355,30.386801,0.004463
0.228374,0.191375,29.974907,0.004570
0.295702,0.141332,30.232836,0.004539
0.334354,-0.033203,29.888381,0.004455
0.339963,-0.162415,30.146654,0.004594
0.359189,-0.158958,29.771595,0.004581
0.278051,-0.033809,30.166483,0.004406
0.282739,0.036497,29.979564,0.004392
0.339254,0.254386,30.029820,0.004787
0.324158,-0.154767,30.140117,0.004552
0.295662,0.080029,29.891808,0.004422
0.329498,0.035812,29.853198,0.004448
0.347691,0.052631,30.199107,0.004548
0.314930,0.155869,30.218266,0.004584
0.360453,-0.048151,30.107390,0.004556
0.317673,0.067880,30.173286,0.004488
0.306200,-0.011771,29.898866,0.004401
0.332157,0.180878,29.711185,0.004579
0.322951,0.043278,29.893566,0.004443
0.354470,-0.097587,30.175041,0.004572
0.295398,-0.022108,29.535370,0.004334
0.316790,0.046892,30.069654,0.004459
0.298521,-0.127685,30.386148,0.004518
0.296827,0.160830,29.840193,0.004511
0.297325,0.318042,29.956718,0.004904
0.284866,0.091438,29.991150,0.004434
0.309464,0.255950,30.502615,0.004819
0.344265,-0.046400,29.697772,0.004453
0.338311,0.168528,29.834223,0.004591
0.327443,0.037661,29.820320,0.004439
0.234319,-0.051983,30.041980,0.004374
0.242331,0.042983,29.595069,0.004317
0.285166,0.012024,29.810072,0.004363
0.368569,-0.257991,30.531444,0.004877
0.233038,-0.126150,29.876549,0.004410
0.419827,-0.043786,30.305969,0.004800
0.387356,0.016079,30.207626,0.004657
0.275293,-0.277737,30.146873,0.004737
0.302913,-0.217198,30.135128,0.004615
0.285808,0.018584,29.790531,0.004362
0.357430,-0.080275,29.909977,0.004531
0.274638,0.154677,29.884821,0.004489
0.358284,0.001008,29.878474,0.004513
0.228403,0.157603,29.847094,0.004485
0.344873,-0.020465,30.127359,0.004513
0.355121,0.043640,30.057665,0.004543
0.359639,0.172396,29.857774,0.004651
0.266394,-0.196958,30.038797,0.004539
0.310902,-0.121691,29.864725,0.004454
0.323549,0.117986,30.037212,0.004524
0.280225,0.028426,29.654157,0.004340
0.229490,0.070334,30.062158,0.004403
0.258765,0.042405,30.363313,0.004431
0.280784,0.105739,30.009360,0.004447
0.399379,0.115182,30.084179,0.004745
0.285007,0.167779,29.765838,0.004500
0.216854,0.116673,30.174750,0.004475
0.248956,0.246540,29.969306,0.004693
0.298562,-0.121732,30.275137,0.004496
0.306346,0.061819,29.961392,0.004434
0.325731,-0.109815,30.278835,0.004530
0.305184,0.011426,29.942304,0.004408
0.296300,-0.430669,30.518118,0.005342
0.287326,-0.047350,30.057501,0.004403
0.215892,-0.099249,30.151878,0.004428
0.409980,0.257681,30.142738,0.005018
0.269534,-0.027942,29.696661,0.004331
0.317926,-0.047063,30.204221,0.004470
0.259029,0.075829,30.102089,0.004417
0.318669,0.062834,29.813692,0.004435
0.275841,-0.278479,30.024206,0.004720
0.389864,0.089818,30.295938,0.004718
0.339684,0.000696,30.365840,0.004536
0.195007,-0.009934,30.331810,0.004426
0.406798,-0.157999,29.975644,0.004766
0.320230,0.049742,29.797206,0.004428
0.270558,-0.137902,30.049931,0.004455
0.270155,0.089412,30.170628,0.004445
0.333288,-0.153511,29.819061,0.004521
0.217037,-0.226045,29.712822,0.004573
0.311521,-0.094991,29.641698,0.004401
0.194959,-0.033146,29.832258,0.004358
0.188270,0.143863,30.046365,0.004529
0.299462,-0.060205,29.436146,0.004335
0.399185,0.126979,29.695142,0.004696
0.301167,-0.107646,29.757946,0.004412
0.258564,-0.028422,30.415152,0.004426
0.314738,0.198151,29.718848,0.004580
0.289253,0.062497,30.067761,0.004426
0.226961,0.009090,29.509752,0.004293
0.336690,-0.071701,30.021595,0.004492
0.299394,0.047064,29.955903,0.004414
0.316498,0.146261,29.990652,0.004540
0.174251,0.072832,30.073504,0.004455
0.383626,0.279801,30.019719,0.004957
0.293306,0.008725,30.069074,0.004409
0.381108,0.174752,29.917206,0.004728
0.306117,-0.132096,29.918449,0.004465
0.283089,0.049554,29.978959,0.004399
0.356826,-0.128067,30.589904,0.004664
0.331200,0.195975,29.985127,0.004644
0.342700,-0.045573,30.586677,0.004578
0.306696,-0.073962,30.209672,0.004463
0.303386,0.056546,29.723375,0.004392
0.291763,-0.159823,30.103826,0.004507
0.309112,-0.018220,30.363157,0.004472
0.253746,-0.059390,29.853628,0.004354
0.300875,0.079487,29.690531,0.004400
0.303844,0.017125,29.860276,0.004396
0.377856,0.081834,29.840717,0.004602
0.324475,0.116475,30.175180,0.004544
0.318193,0.079422,30.081120,0.004484
0.224331,0.103724,30.562750,0.004510
0.291533,0.265887,30.204747,0.004784
0.273701,-0.033046,30.280770,0.004418
0.242733,0.020262,30.058944,0.004374
0.230393,0.053797,30.097567,0.004395
0.352175,0.232667,29.595185,0.004700
0.356033,-0.058794,29.951304,0.004524
0.275527,0.079695,29.392372,0.004329
0.187812,0.061847,30.278511,0.004456
0.345715,-0.112352,29.963743,0.004530
0.325535,0.116798,30.436605,0.004585
0.376641,-0.067470,29.809066,0.004568
0.288062,-0.061026,29.895775,0.004386
0.343809,-0.004621,29.667167,0.004444
0.257333,0.015956,30.070108,0.004379
0.282190,0.089803,29.975926,0.004427
0.293743,0.255064,30.009302,0.004726
0.322777,0.065860,30.005029,0.004472
0.344321,0.020480,29.912281,0.004485
0.351280,-0.080760,30.378082,0.004584
0.225702,-0.021400,30.031520,0.004366
0.283801,0.166698,29.940914,0.004523
0.431041,0.165360,29.596452,0.004860
0.354076,-0.189664,29.873992,0.004622
0.243258,0.028899,29.774686,0.004336
0.357671,-0.015800,30.045519,0.004535
0.354038,0.237001,29.698169,0.004729
0.306965,-0.217595,30.501036,0.004675
0.244361,-0.092670,29.724313,0.004354
0.243015,0.182525,30.167846,0.004573
0.303579,0.101371,29.618559,0.004413
0.250144,0.008624,30.003337,0.004365
0.285401,-0.097274,30.250574,0.004456
0.259208,-0.004282,30.039711,0.004372
0.230873,-0.085515,30.194521,0.004416
0.215592,0.048256,30.053618,0.004390
0.303392,0.081112,29.793818,0.004420
0.352422,0.020820,29.778970,0.004487
0.278050,0.179323,30.093018,0.004563
0.268637,-0.095768,30.044746,0.004411
0.256331,-0.071157,29.667902,0.004335
0.301769,-0.144166,29.796457,0.004455
0.320974,-0.073678,30.019298,0.004460
0.198300,0.156072,29.810566,0.004503
0.357431,-0.035144,29.848435,0.004507
0.320523,-0.232566,30.057532,0.004655
0.398497,-0.136903,29.827242,0.004692
0.328851,-0.009847,29.820461,0.004432
0.254705,0.054099,30.192835,0.004412
0.302610,0.034141,29.951027,0.004413
0.289506,0.153515,29.943721,0.004507
0.355732,-0.006272,30.059058,0.004532
0.330009,-0.135585,29.912425,0.004509
0.282544,-0.119118,30.163820,0.004460
0.419007,-0.146464,30.039029,0.004814
0.302669,0.019229,29.980157,0.004412
0.310035,-0.174260,29.871868,0.004515
0.336473,0.179356,29.926976,0.004618
0.271741,-0.198095,30.247899,0.004574
0.321237,0.128554,29.697450,0.004482
0.256369,0.040193,29.835505,0.004354
0.283677,0.137547,29.684034,0.004441
0.329383,0.049357,30.152015,0.004497
0.351056,-0.006570,29.976920,0.004507
0.218550,-0.130108,30.540067,0.004517
0.300408,-0.180016,30.176036,0.004556
0.206868,-0.164636,30.009168,0.004502
0.296153,-0.117203,30.020629,0.004452
0.293212,-0.078832,30.119137,0.004433
0.346976,-0.007511,30.372751,0.004554
0.258631,0.076211,29.882303,0.004385
0.302054,0.117283,30.507551,0.004556
0.357642,0.200586,30.148277,0.004737
0.386265,-0.153603,29.985533,0.004688
0.358798,-0.138171,29.728519,0.004551
0.336144,0.033764,29.980972,0.004480
0.312838,-0.047461,30.059521,0.004440
0.435948,0.155694,30.182271,0.004964
0.324779,0.138013,30.138952,0.004565
0.252893,0.139697,30.153882,0.004496
0.342005,0.096382,29.717741,0.004495
0.294450,-0.086605,29.698194,0.004380
0.313953,0.033002,30.148176,0.004459
0.320665,0.073395,30.030628,0.004477
0.244962,0.077422,30.074721,0.004410
0.340249,0.013277,29.860397,0.004466
0.333902,0.020981,30.516883,0.004548
0.195320,-0.017720,30.080188,0.004391
0.330172,-0.094537,29.798994,0.004458
0.253858,0.124669,29.962740,0.004447
0.294443,-0.067296,30.326998,0.004458
0.342667,-0.350156,30.024332,0.004975
0.345984,-0.037153,30.567327,0.004582
0.349600,0.094700,29.821408,0.004528
0.326580,-0.250389,29.995612,0.004691
0.277168,-0.177674,29.884493,0.004489
0.361620,0.049399,29.825564,0.004530
0.301434,0.080762,30.667350,0.004542
0.370653,0.092986,29.638927,0.004558
0.297462,0.040908,29.818928,0.004389
0.309931,0.037812,29.665945,0.004385
0.261503,-0.030107,29.681269,0.004324
0.278011,-0.103864,30.015736,0.004421
0.219488,-0.134061,30.223735,0.004476
0.261132,0.028886,30.304266,0.004418
0.209592,-0.043055,29.917643,0.004362
0.220092,-0.076340,30.258847,0.004422
0.239192,-0.101777,29.831781,0.004377
0.240324,-0.037261,29.897859,0.004349
0.295312,0.000337,29.997791,0.004400
0.371299,-0.193967,29.774066,0.004659
0.245280,0.167452,29.787489,0.004488
0.388080,0.141064,29.774469,0.004684
0.253576,-0.041165,29.903738,0.004354
0.321670,-0.052917,30.118454,0.004467
0.299961,0.013192,30.135664,0.004428
0.308710,0.083994,29.920195,0.004448
0.266789,-0.126085,30.304128,0.004476
0.282856,-0.072232,30.126765,0.004419
0.264108,-0.030403,30.291502,0.004412
0.319863,-0.058593,30.023073,0.004451
0.395635,-0.136585,29.682641,0.004659
0.360644,0.187956,30.073497,0.004711
0.318393,-0.081163,29.796876,0.004427
0.275224,-0.104807,29.781384,0.004386
0.236420,0.001734,30.439094,0.004423
0.381238,0.130982,29.804421,0.004654
0.201477,0.000315,29.973273,0.004370
0.354496,0.001664,29.739491,0.004482
0.312905,0.188787,30.043503,0.004609
0.378276,-0.010179,30.423503,0.004654
0.291143,0.003107,30.209631,0.004425
0.253724,0.152540,29.856311,0.004473
0.306087,0.029255,30.415074,0.004482
0.276989,0.110790,30.320165,0.004494
0.341262,0.126373,29.984141,0.004563
0.178737,-0.095127,29.581580,0.004381
0.398852,0.090811,30.030030,0.004712
0.336676,-0.078780,29.700981,0.004448
0.344297,0.158314,29.699615,0.004569
0.286801,-0.055657,30.017355,0.004400
0.342531,-0.197732,29.676857,0.004578
0.328779,-0.112317,29.809154,0.004470
0.266688,-0.139566,29.637940,0.004395
0.280952,0.040764,30.019739,0.004398
0.288774,0.059122,29.744251,0.004377
0.300938,-0.162583,30.247570,0.004542
0.230166,0.061869,29.875979,0.004369
0.287967,-0.032173,30.257196,0.004429
0.235073,-0.219121,30.309511,0.004630
0.334965,0.018931,30.133361,0.004495
0.179610,-0.117148,30.141571,0.004485
0.313082,0.132306,29.701545,0.004474
0.245900,-0.092992,30.362850,0.004446
0.278170,0.116285,29.863157,0.004435
0.280356,-0.061032,29.725207,0.004354
0.325551,0.222676,29.695785,0.004642
0.298246,0.182128,30.507513,0.004647
0.229867,-0.059523,29.802292,0.004344
0.257476,-0.131590,29.927636,0.004424
0.250967,0.026310,29.984018,0.004367
0.378140,0.124847,29.783168,0.004634
0.253464,0.086024,30.267218,0.004447
0.300380,-0.031362,29.991932,0.004407
0.332271,0.018103,29.955423,0.004463
0.316916,0.140619,30.363268,0.004588
0.270103,0.108513,30.173538,0.004465
0.285698,0.016074,30.375525,0.004445
0.298000,-0.139917,29.835536,0.004451
0.262838,-0.035099,29.527201,0.004304
0.347178,-0.148852,30.298138,0.004617
0.360691,-0.008835,29.998183,0.004537
0.269505,-0.053037,29.775734,0.004349
0.272255,-0.042640,30.053070,0.004387
0.268427,0.019134,30.635318,0.004466
0.391793,0.160556,29.631752,0.004700
0.389664,0.055550,30.309406,0.004696
0.330516,0.179926,30.272497,0.004658
0.274610,-0.020389,30.024014,0.004381
0.281898,-0.167715,30.025210,0.004498
0.206816,0.017858,30.071662,0.004384
0.272139,0.069204,30.072635,0.004415
0.337251,-0.200336,29.391000,0.004528
0.214107,0.084793,29.342697,0.004319
0.252358,0.009164,29.938586,0.004356
0.237143,0.014789,29.951259,0.004356
0.301924,-0.035293,29.984230,0.004409
0.338582,-0.194990,29.976546,0.004610
0.244913,-0.043528,30.167247,0.004390
0.285815,-0.271648,29.881757,0.004683
0.352038,0.181409,29.595656,0.004606
0.205709,-0.062039,30.100590,0.004399
0.287842,0.024831,29.785251,0.004366
0.264348,0.059459,29.805785,0.004365
0.330124,-0.010268,30.200688,0.004489
0.244527,-0.052499,29.952394,0.004362
0.323195,0.016414,30.068388,0.004459
0.367091,-0.028719,29.717765,0.004515
0.291985,0.082227,29.901990,0.004421
0.365536,0.211045,30.009026,0.004755
0.281163,-0.151421,30.437964,0.004535
0.346440,-0.037764,30.059343,0.004509
0.274113,-0.047396,29.774577,0.004350
0.318138,-0.219357,29.748570,0.004581
0.342021,-0.073299,29.812400,0.004474
0.275089,-0.145945,29.992717,0.004459
0.275679,0.006854,30.428741,0.004440
0.347679,-0.031891,29.846381,0.004480
0.385461,-0.263119,29.840687,0.004828
0.325615,0.006886,30.232092,0.004486
0.360794,-0.042733,30.009464,0.004542
0.257744,0.132666,30.098297,0.004479
0.308921,-0.052646,30.086027,0.004439
0.180607,0.024351,30.352457,0.004452
0.366171,-0.094781,29.891346,0.004562
0.292255,0.031713,30.133970,0.004423
0.400858,-0.055607,30.108074,0.004695
0.214758,-0.026247,30.053286,0.004374
0.302107,0.016391,29.656981,0.004364
0.332970,0.025036,29.833080,0.004448
0.315047,0.028230,30.097350,0.004452
0.305932,0.064269,29.954528,0.004434
0.277448,0.126845,29.729026,0.004428
0.344368,-0.126847,30.209551,0.004575
0.284935,0.156109,29.955540,0.004509
0.332670,-0.106715,30.136162,0.004521
0.230286,0.084680,30.171323,0.004431
0.310426,0.047974,30.184347,0.004465
0.307622,-0.157490,29.711204,0.004466
0.297677,-0.005534,29.972736,0.004399
0.410350,0.211388,30.005574,0.004907
0.228099,0.062017,29.702932,0.004345
0.309127,0.122836,30.031582,0.004504
0.325772,0.051048,30.078745,0.004480
0.246694,-0.148141,29.624435,0.004400
0.270515,-0.072539,29.573524,0.004330
0.368607,0.028709,30.407416,0.004628
0.314851,0.042618,30.409975,0.004502
0.268290,0.009525,29.912775,0.004361
0.280720,0.049130,30.350832,0.004449
0.331796,0.105552,29.599523,0.004464
0.285528,-0.075897,30.098922,0.004420
0.247671,0.009687,30.637596,0.004454
0.415461,0.000205,29.570170,0.004667
0.360596,0.202177,30.158071,0.004749
0.277187,-0.023506,30.427116,0.004440
0.344184,0.079040,30.175117,0.004553
0.294097,0.227625,30.252787,0.004697
0.270244,0.035729,29.725640,0.004345
0.274303,-0.008322,29.737399,0.004339
0.412188,-0.060507,29.786250,0.004693
0.291471,-0.056054,30.148648,0.004424
0.364917,0.039656,30.394638,0.004619
0.285109,0.096498,30.329007,0.004487
0.322357,0.038187,30.037451,0.004461
0.344891,-0.069493,30.155857,0.004529
0.263468,-0.172171,29.962150,0.004486
0.246677,-0.119701,29.813532,0.004392
0.328840,-0.087056,29.644945,0.004428
0.292176,-0.071417,30.586466,0.004495
0.281949,0.093858,29.891763,0.004419
0.330338,-0.152533,30.434118,0.004604
0.198268,-0.024091,29.822259,0.004352
0.261823,0.084691,30.073809,0.004422
0.358839,0.216659,30.154610,0.004770
0.308495,0.081581,30.046087,0.004464
0.275460,-0.055453,30.133344,0.004405
0.280313,-0.134485,29.782672,0.004419
0.258706,-0.131055,29.977691,0.004431
0.325353,-0.140775,30.322129,0.004565
0.366838,0.124909,29.960819,0.004625
0.239512,0.130214,30.266983,0.004498
0.324448,-0.129534,29.929860,0.004494
0.240829,0.050235,30.225543,0.004411
0.199982,-0.165464,30.110515,0.004526
0.241310,0.166630,29.653783,0.004468
0.335601,-0.022327,30.301312,0.004516
0.337556,-0.073435,30.231320,0.004525
0.247308,-0.072062,30.433436,0.004441
0.358295,-0.166999,29.792160,0.004591
0.195295,-0.171665,29.740135,0.004489
0.348709,-0.063615,29.673351,0.004466
0.298774,-0.086050,29.875281,0.004410
0.306747,0.062511,29.878547,0.004423
0.325483,0.029130,30.155885,0.004481
0.280253,0.093743,29.800127,0.004404
0.261420,0.024919,30.617643,0.004461
0.295887,-0.092305,30.010767,0.004430
0.267545,-0.156540,30.238847,0.004504
0.247259,-0.218741,29.764514,0.004542
0.310125,0.137738,29.841349,0.004496
0.208241,-0.032902,30.037480,0.004377
0.290056,0.034361,29.581376,0.004343
0.322106,0.011011,30.221594,0.004478
0.213847,-0.062597,30.402943,0.004437
0.307034,-0.081473,29.841172,0.004414
0.313246,-0.158852,29.825643,0.004493
0.303388,-0.010543,29.568085,0.004350
0.311026,-0.153443,29.789594,0.004477
0.312352,0.009617,30.200241,0.004457
0.292867,0.040547,29.860882,0.004389
0.297568,-0.028818,29.880833,0.004387
0.308922,0.012084,30.122999,0.004440
0.341247,-0.023555,30.121724,0.004504
0.302985,-0.004536,29.509191,0.004341
0.336897,-0.062313,29.735772,0.004447
0.271675,-0.023526,30.386203,0.004430
0.234257,0.046019,29.996195,0.004376
0.306492,0.098492,30.097341,0.004483
0.328246,0.034240,30.053045,0.004473
0.269311,-0.016300,29.777214,0.004341
0.239004,0.036196,30.134032,0.004390
0.248943,-0.193375,30.203612,0.004556
0.355940,0.067203,29.792314,0.004519
0.305636,0.148218,29.815540,0.004500
0.346137,0.003319,29.803709,0.004470
0.350057,-0.035367,30.000457,0.004509
0.365995,0.141384,29.665824,0.004598
0.396363,0.132888,30.176418,0.004766
0.319262,0.299928,29.729356,0.004829
0.349356,-0.081590,29.852922,0.004502
0.306172,-0.118010,30.156762,0.004486
0.348281,-0.051525,29.857957,0.004488
0.306739,-0.162356,29.436346,0.004431
0.309221,-0.146345,30.211624,0.004528
0.271816,0.069925,30.037200,0.004410
0.244054,-0.064202,29.921178,0.004363
0.306470,-0.110862,29.691527,0.004413
0.303022,0.042037,29.680349,0.004378
0.309186,0.108209,29.728155,0.004444
0.263553,-0.012158,30.303728,0.004412
0.319758,0.159492,30.016797,0.004568
0.257708,0.058343,29.863538,0.004369
0.270607,0.113599,29.809243,0.004419
0.373911,0.042603,30.174184,0.004616
0.325966,0.072209,29.808868,0.004454
0.309765,-0.038246,30.031418,0.004429
0.326436,-0.024734,29.690767,0.004409
0.255550,0.167334,29.909318,0.004506
0.256746,-0.000909,30.182253,0.004391
0.305506,-0.219811,30.166213,0.004628
0.386008,0.055076,29.574492,0.004573
0.297159,0.099391,29.755679,0.004422
0.312496,-0.126776,30.031806,0.004486
0.307946,-0.160433,29.478563,0.004436
0.321767,-0.098941,29.415566,0.004389
0.356877,0.063776,30.015867,0.004553
0.215422,-0.168940,30.583204,0.004585
0.315744,0.026020,29.518859,0.004369
0.278892,-0.006936,29.692432,0.004337
0.329297,0.008101,29.919482,0.004449
0.295875,-0.086527,29.940466,0.004416
0.291686,0.046847,29.561975,0.004348
0.257434,-0.146908,29.875411,0.004435
0.234520,0.073442,30.293961,0.004437
0.397347,-0.026061,30.359265,0.004714
0.350828,-0.008292,29.751760,0.004474
0.229723,0.144089,30.137968,0.004504
0.289880,0.067938,30.146091,0.004442
0.288003,0.148102,30.155388,0.004529
0.274279,0.024234,29.836717,0.004359
0.335232,0.074192,29.695967,0.004459
0.228118,0.014678,29.696863,0.004321
0.306917,-0.086069,30.093648,0.004453
0.266523,-0.069534,29.922611,0.004375
0.268908,0.219957,29.883275,0.004611
0.407728,0.152445,30.212327,0.004839
0.381932,0.139997,30.252264,0.004735
0.307656,-0.106909,29.785574,0.004425
0.388073,-0.087077,30.051654,0.004652
0.285586,0.118463,29.816765,0.004438
0.270580,-0.021062,30.356918,0.004424
0.230192,-0.004843,30.180819,0.004386
0.288926,-0.007821,30.128651,0.004410
0.210816,-0.109317,29.877166,0.004402
0.211202,-0.117845,30.180127,0.004455
0.364188,0.103542,30.096705,0.004616
0.389929,-0.097493,29.914755,0.004644
0.345658,0.195348,30.159922,0.004700
0.401621,-0.035107,30.090024,0.004691
0.363933,0.097482,30.194019,0.004624
0.313676,-0.121763,29.818495,0.004452
0.336995,0.245204,29.920947,0.004745
0.310699,0.042865,29.841877,0.004414
0.284354,-0.090299,30.094913,0.004427
0.321331,0.083377,30.243962,0.004517
0.278704,0.051350,29.817257,0.004373
0.386705,0.092637,30.062279,0.004674
0.266627,-0.042467,30.041468,0.004381
0.258972,0.047536,29.934298,0.004373
0.261867,-0.033246,30.113239,0.004386
0.343882,-0.139100,29.792748,0.004524
0.302423,0.084550,29.571222,0.004389
0.272117,-0.021199,30.399120,0.004432
0.268456,-0.060006,30.194023,0.004410
0.287760,-0.094376,29.880017,0.004403
0.325529,0.179474,29.684395,0.004560
0.336071,-0.359199,30.304420,0.005040
0.291773,-0.157972,29.846689,0.004467
0.366595,-0.040681,30.145317,0.004578
0.249735,-0.068603,30.201510,0.004407
0.299386,-0.188502,30.165174,0.004566
0.281995,-0.044096,29.850713,0.004367
0.309233,0.028026,30.294258,0.004470
0.328346,0.035922,29.486172,0.004392
0.354679,0.039291,29.828820,0.004506
0.243207,-0.215825,29.833609,0.004548
0.298716,0.016351,30.205853,0.004437
0.177007,-0.016419,30.376131,0.004454
0.237124,0.050409,29.813897,0.004352
0.367020,-0.261676,30.294807,0.004844
0.315713,-0.076818,30.429559,0.004511
0.358162,-0.078125,30.023049,0.004549
0.303127,0.046433,30.088999,0.004439
0.301534,0.198879,29.915332,0.004594
0.331164,-0.010581,30.051733,0.004470
0.305176,0.095885,29.842565,0.004442
0.306140,0.088891,30.096487,0.004474
0.303335,0.007144,29.868091,0.004394
0.197354,-0.044931,29.586766,0.004325
0.261029,-0.170243,30.465490,0.004555
0.257145,0.133851,30.039545,0.004472
0.291007,0.064289,30.244850,0.004455
0.306860,-0.080649,30.386632,0.004492
0.285509,-0.329801,30.446966,0.004938
0.273195,-0.012479,29.861982,0.004356
0.354490,0.309998,30.296961,0.005006
0.272912,-0.012910,30.258896,0.004412
0.242087,0.014900,29.531616,0.004297
0.296041,-0.213583,30.200431,0.004611
0.262246,-0.037156,29.964519,0.004366
0.279233,-0.171389,30.004916,0.004498
0.355425,0.213519,30.086354,0.004745
0.279787,0.003899,29.960071,0.004377
0.273296,-0.030754,30.263954,0.004415
0.296292,-0.051141,30.284820,0.004448
0.278445,-0.072881,29.705056,0.004355
0.312708,0.017287,30.171837,0.004455
0.323048,0.031849,29.510471,0.004384
0.222147,-0.099897,30.035435,0.004409
0.221903,0.220754,30.147295,0.004672
0.318524,-0.062062,30.214966,0.004478
0.259648,0.063168,29.823782,0.004367
0.351841,0.071847,29.745809,0.004504
0.215833,0.035392,29.999589,0.004375
0.271169,-0.068580,29.541866,0.004324
0.270806,0.052801,29.904471,0.004379
0.304291,0.083815,29.774102,0.004420
0.366763,0.241644,29.833025,0.004792
0.368718,0.131426,30.081237,0.004656
0.258603,-0.003511,30.049287,0.004373
0.406736,-0.079534,29.509814,0.004636
0.351045,-0.100107,29.870849,0.004520
0.231655,-0.079678,29.959735,0.004379
0.358985,0.068298,30.363516,0.004613
0.367823,-0.097878,30.138810,0.004605
0.300959,-0.001541,30.033573,0.004413
0.278528,-0.001661,30.013138,0.004383
0.362821,-0.001095,30.001729,0.004544
0.295972,0.064286,29.953991,0.004420
0.285606,-0.109692,29.841492,0.004408
0.292787,0.146103,30.270075,0.004548
0.394500,0.079448,29.893385,0.004667
0.331821,-0.057548,29.981919,0.004469
0.328777,0.022478,29.615332,0.004407
0.293148,-0.155961,29.944002,0.004480
0.331528,0.294835,29.996639,0.004873
0.351381,0.298331,30.155634,0.004944
0.365281,-0.056430,29.727798,0.004517
0.333340,0.056904,29.798944,0.004458
0.290798,0.280779,29.744095,0.004753
0.272665,-0.091160,29.952499,0.004397
0.261203,0.005598,30.149904,0.004390
0.350618,0.123784,29.862238,0.004565
0.312885,-0.132793,30.140137,0.004508
0.249334,0.126940,30.426023,0.004517
0.286497,-0.008707,29.890777,0.004373
0.319403,-0.052829,29.785493,0.004414
0.308962,0.107967,30.195818,0.004511
0.253773,-0.235385,29.894661,0.004596
0.288030,-0.017918,29.845751,0.004369
0.240177,-0.054589,29.698730,0.004327
0.293572,0.184209,29.925134,0.004560
0.287290,0.099147,30.313851,0.004490
0.276013,-0.193800,29.705080,0.004488
0.317234,-0.180585,30.215416,0.004586
0.264624,-0.153414,30.121708,0.004482
0.351816,-0.257755,29.793334,0.004722
0.216189,-0.095048,30.078845,0.004414
0.294156,-0.057099,30.063180,0.004416
0.283953,0.152270,29.893494,0.004493
0.309936,-0.098835,30.386212,0.004509
0.345091,-0.088762,30.158095,0.004540
0.297235,-0.253670,29.671704,0.004615
0.352603,-0.116960,29.892538,0.004540
0.184195,-0.032924,30.028951,0.004398
0.337718,0.026677,30.117297,0.004501
0.247997,0.231540,30.061711,0.004668
0.247809,0.072414,30.106575,0.004411
0.312686,-0.027290,30.142060,0.004448
0.421580,0.161470,30.019899,0.004879
0.371558,0.244870,29.977567,0.004835
0.297185,-0.069406,30.202476,0.004445
0.299661,-0.182660,30.395362,0.004591
0.283950,0.110469,30.229982,0.004487
0.234832,-0.060349,30.037022,0.004378
0.356980,0.097271,30.040577,0.004582
0.218195,-0.006636,29.786367,0.004333
0.353277,0.068581,30.209370,0.004574
0.308485,-0.252304,30.004775,0.004673
0.299848,-0.238375,29.704738,0.004589
0.311885,-0.176559,29.966597,0.004535
0.252304,0.087083,29.859662,0.004389
0.382548,-0.089567,29.919858,0.004614
0.254380,0.022487,29.847566,0.004348
0.304950,-0.132198,30.090400,0.004488
0.336195,-0.030422,29.875618,0.004457
0.324978,0.048337,29.894676,0.004450
0.389657,-0.048524,30.227941,0.004669
0.321913,-0.217719,29.885792,0.004604
0.133715,-0.025532,29.844351,0.004463
0.264004,-0.028831,29.787220,0.004340
0.279549,-0.163496,30.198225,0.004515
0.299474,-0.208817,30.065886,0.004586
0.248105,-0.168376,29.943186,0.004475
0.211817,-0.117654,29.990824,0.004427
0.316147,0.036542,29.669659,0.004395
0.283445,0.106425,30.139142,0.004469
0.264444,0.098694,29.837730,0.004403
0.277054,-0.048167,29.912843,0.004373
0.322234,-0.005937,29.594424,0.004386
0.262041,0.031797,30.034737,0.004381
0.310503,-0.066323,29.819880,0.004409
0.300393,-0.178649,30.201021,0.004557
0.369157,-0.138666,30.019893,0.004624
0.306731,0.069885,30.029150,0.004450
0.270743,0.173530,29.857524,0.004514
0.332370,-0.084621,30.423422,0.004547
0.234289,-0.111409,29.900741,0.004397
0.361497,0.133062,29.979236,0.004622
0.204168,0.066187,30.052103,0.004410
0.298337,-0.100051,30.029679,0.004442
0.263137,-0.119001,30.148485,0.004444
0.315884,0.114465,29.882883,0.004484
0.214537,0.050466,29.891368,0.004369
0.310851,-0.223959,29.662887,0.004567
0.365468,-0.047205,29.987665,0.004553
0.279218,-0.002121,30.123058,0.004399
0.342400,0.076492,30.189078,0.004549
0.242790,-0.068507,30.103330,0.004391
0.238148,0.054545,29.878185,0.004364
0.371887,0.168894,30.201034,0.004733
0.334291,0.038989,29.639709,0.004428
0.305040,-0.117262,30.008170,0.004462
0.324666,-0.022523,30.321463,0.004496
0.348535,0.009229,29.638645,0.004453
0.218344,-0.072795,30.213358,0.004414
0.256186,0.194756,30.263523,0.004611
0.284258,-0.178425,30.290916,0.004555
0.373314,-0.106332,30.272524,0.004648
0.336669,-0.091693,29.525752,0.004430
0.299873,-0.111111,29.681185,0.004402
0.320697,0.005094,30.327269,0.004490
0.293705,-0.016315,30.080994,0.004409
0.344764,-0.131705,30.123951,0.004568
0.323575,-0.000390,29.747879,0.004411
0.222318,0.044052,30.084907,0.004389
0.325271,-0.059946,30.288532,0.004501
0.253616,0.054775,29.977960,0.004381
0.313262,0.075000,30.036040,0.004465
0.459985,0.143161,30.313984,0.005096
0.225177,-0.081580,30.232320,0.004420
0.266576,-0.001749,30.080516,0.004382
0.278902,-0.111597,30.343949,0.004475
0.382884,-0.014324,30.184069,0.004634
0.375669,-0.068400,29.993533,0.004593
0.252833,-0.024013,29.912725,0.004352
0.397467,-0.098929,29.872481,0.004666
0.310491,0.005073,29.982712,0.004422
0.338049,0.031873,29.706133,0.004444
0.268549,-0.071274,30.327808,0.004435
0.322660,-0.116709,30.090590,0.004503
0.291903,0.020213,30.067373,0.004410
0.230439,-0.035941,29.592681,0.004306
0.241390,0.004019,29.902718,0.004348
0.305359,-0.140448,30.475799,0.004554
0.296632,0.018017,30.071905,0.004416
0.305797,-0.291699,30.240787,0.004801
0.278016,-0.028035,30.326166,0.004427
0.309950,-0.032887,29.855903,0.004403
0.231770,0.087205,30.162106,0.004432
0.267694,0.153914,30.145161,0.004521
0.375811,0.168608,29.738294,0.004675
0.296083,-0.096639,29.889612,0.004416
0.364707,0.042285,29.976068,0.004558
0.333982,-0.215530,29.977764,0.004635
0.296469,0.091378,29.012407,0.004306
0.292590,-0.075206,30.061180,0.004422
0.305552,-0.075416,30.295277,0.004474
0.271808,-0.013265,29.770070,0.004342
0.380539,0.189618,29.705040,0.004716
0.282494,-0.079476,29.705593,0.004363
0.300781,-0.081193,30.225050,0.004460
0.252739,-0.049841,29.920191,0.004359
0.290000,-0.010203,29.915354,0.004381
0.317460,-0.042732,29.865183,0.004419
0.336258,-0.016883,29.916767,0.004462
0.362664,-0.086861,29.646621,0.004511
0.361089,-0.084989,29.686613,0.004511
0.173860,0.060515,29.958941,0.004428
0.294691,0.003861,30.029162,0.004404
0.245061,-0.047269,29.887829,0.004351
0.278386,-0.039693,30.319893,0.004429
0.329978,0.192878,29.868663,0.004619
0.330118,0.080038,29.727025,0.004457
0.326883,0.085730,30.181147,0.004520
0.258619,-0.130190,29.848776,0.004411
0.291330,0.037257,30.268354,0.004444
0.353356,-0.097775,29.711796,0.004502
0.384110,0.251534,30.055044,0.004899
0.362873,-0.039717,29.687847,0.004500
0.249579,0.096532,30.144588,0.004439
0.248553,-0.110296,30.058157,0.004418
0.213281,-0.091091,30.328184,0.004447
0.377610,0.275920,29.894691,0.004910
0.300363,-0.019525,29.743961,0.004370
0.245494,0.049274,29.843635,0.004356
0.297610,-0.016206,29.701955,0.004360
0.208354,0.086548,29.747280,0.004383
0.346100,0.132340,30.295827,0.004628
0.341056,-0.161664,29.835169,0.004549
0.366620,-0.015764,29.702188,0.004510
0.285260,-0.221598,29.745407,0.004551
0.339955,-0.156389,29.983896,0.004563
0.268733,0.030038,30.359044,0.004431
0.308231,-0.153342,30.040871,0.004510
0.295720,0.004893,29.963127,0.004396
0.266060,0.053263,30.044337,0.004396
0.288847,0.070768,30.182661,0.004448
0.304726,-0.203780,29.623065,0.004517
0.359684,-0.090950,29.791678,0.004526
0.411270,-0.118160,30.087675,0.004765
0.320038,0.158442,29.820493,0.004538
0.335427,-0.190280,29.783680,0.004568
0.261884,-0.017851,30.265016,0.004405
0.248785,-0.098222,29.958793,0.004393
0.291369,0.096233,30.093298,0.004460
0.217459,0.210013,30.253913,0.004665
0.270032,0.060857,29.874399,0.004379
0.201287,-0.073397,29.733191,0.004358
0.286521,-0.091850,29.921026,0.004406
0.319810,-0.057837,29.666262,0.004400
0.302238,0.157469,29.744920,0.004499
0.314117,0.136124,30.228987,0.004557
0.275175,0.019822,30.054825,0.004390
0.356539,0.093871,29.778466,0.004539
0.250659,0.073723,29.869695,0.004379
0.347828,0.058822,30.206140,0.004553
0.313290,0.110023,30.157585,0.004515
0.248845,-0.025754,29.888144,0.004347
0.305630,-0.045077,30.107718,0.004435
0.265886,-0.041069,30.215660,0.004405
0.290636,-0.113087,29.979492,0.004436
0.257430,0.015674,30.115519,0.004385
0.269588,0.019101,30.251553,0.004413
0.344491,0.056866,30.202175,0.004543
0.297125,-0.031402,29.952043,0.004397
0.316215,0.159151,29.915974,0.004547
0.338112,0.147367,30.287733,0.004627
0.307059,-0.027438,29.614141,0.004363
0.259165,-0.136575,29.981666,0.004438
0.340687,0.077350,30.498030,0.004591
0.288608,-0.109807,30.117157,0.004450
0.296056,-0.238470,29.868402,0.004611
0.205964,-0.079459,29.791537,0.004367
0.333910,-0.170231,29.807201,0.004541
0.299912,0.026132,30.240303,0.004447
0.315791,0.051682,29.665222,0.004401
0.139177,0.067855,30.299510,0.004553
0.245579,-0.056971,29.548683,0.004307
0.369689,0.043378,29.992328,0.004576
0.250218,0.006162,30.222528,0.004395
0.358282,0.020468,29.978021,0.004532
0.271261,-0.007280,30.405654,0.004432
0.317585,-0.037026,30.291092,0.004479
0.310676,0.036794,30.244833,0.004469
0.303119,-0.059470,30.160295,0.004443
0.297290,0.213411,30.405634,0.004692
0.290816,-0.070786,30.198248,0.004437
0.273605,-0.194199,29.889948,0.004515
0.290350,0.170516,29.947621,0.004536
0.318532,0.113053,30.177570,0.004530
0.350482,0.022866,29.716384,0.004473
0.342200,0.082235,30.069438,0.004535
0.269215,0.262538,29.906435,0.004722
0.340903,0.031585,30.033468,0.004498
0.397379,0.060367,29.913674,0.004668
0.273312,-0.008983,29.747424,0.004340
0.370717,-0.166674,30.067373,0.004666
0.375208,-0.042917,29.717503,0.004542
0.294993,0.160446,29.744896,0.004495
0.415599,0.131695,30.244039,0.004852
0.268038,0.102462,29.926696,0.004422
0.388791,0.188278,30.159028,0.004812
0.404429,0.107806,29.675067,0.004694
0.182028,-0.055878,30.371058,0.004459
0.298978,-0.127236,29.838795,0.004439
0.378660,-0.004469,29.914456,0.004580
0.303158,0.197858,30.003172,0.004607
0.290230,0.039011,29.972481,0.004401
0.292941,0.079453,29.867379,0.004415
0.242228,0.009245,29.910418,0.004350
0.277103,0.109841,30.322741,0.004493
0.324870,0.170374,30.427724,0.004655
0.241241,-0.069123,29.831876,0.004353
0.344246,0.241872,29.912570,0.004751
0.296374,-0.114955,29.784692,0.004416
0.326008,-0.048939,29.941809,0.004448
0.299857,-0.005479,30.152343,0.004428
0.301956,-0.059385,30.185964,0.004445
0.395503,0.111534,30.168685,0.004739
0.215903,0.083444,29.682071,0.004365
0.278808,0.091046,29.749606,0.004393
0.310133,0.004213,29.891795,0.004408
0.230227,0.246633,29.812504,0.004683
0.257222,-0.126465,29.969182,0.004424
0.271442,0.114597,30.012451,0.004450
0.347514,0.104333,30.209941,0.004588
0.282255,-0.076498,29.648837,0.004353
0.308348,0.122633,30.486421,0.004569
0.289723,-0.072981,29.909957,0.004396
0.264758,0.088124,29.699739,0.004373
0.268773,-0.137587,29.964360,0.004441
0.249369,-0.018242,30.305916,0.004405
0.265597,0.207163,29.974202,0.004595
0.291118,0.016503,30.051897,0.004405
0.322431,-0.087071,29.848239,0.004445
0.228431,0.021313,30.498291,0.004436
0.187283,-0.035008,30.176410,0.004416
0.321384,-0.013914,30.171323,0.004467
0.299008,0.056004,30.036491,0.004430
0.340591,-0.030311,29.788998,0.004454
0.324556,0.005199,29.795366,0.004421
0.302272,0.083107,30.004376,0.004450
0.344375,0.157786,29.797362,0.004583
0.268079,0.147977,29.955440,0.004485
0.255984,0.049943,30.318172,0.004427
0.306914,-0.200536,29.740858,0.004532
0.392813,-0.058838,30.430829,0.004714
0.319328,-0.197094,29.966605,0.004577
0.190472,0.044647,30.035937,0.004405
0.234088,-0.026909,30.053537,0.004369
0.300127,0.065458,30.290170,0.004474
0.317607,0.067536,30.586354,0.004547
0.296457,0.236299,29.849250,0.004658
0.315154,0.182904,29.701532,0.004551
0.289677,0.046912,29.631172,0.004355
0.322118,0.025237,30.282326,0.004491
0.380734,-0.015975,30.015479,0.004602
0.286539,0.075531,29.996007,0.004423
0.216575,-0.028804,29.783379,0.004335
0.363263,0.248742,29.724895,0.004781
0.407777,0.080293,30.140686,0.004756
0.257686,-0.032785,29.946543,0.004360
0.210202,0.206667,30.167865,0.004652
0.268064,-0.042201,30.242180,0.004410
0.155906,0.178143,30.007999,0.004662
0.221487,-0.077840,29.848377,0.004364
0.298957,0.010030,29.824228,0.004382
0.364297,-0.126636,30.153548,0.004619
0.281813,-0.050345,29.704709,0.004348
0.276853,0.265424,29.849448,0.004722
0.392162,-0.059399,29.916196,0.004634
0.300543,-0.063011,30.066210,0.004428
0.401372,0.077652,29.956458,0.004701
0.331491,-0.109767,30.092408,0.004515
0.294870,0.163813,29.617172,0.004481
0.293916,-0.045470,30.276906,0.004442
0.277597,-0.073149,30.078363,0.004408
0.213535,-0.064368,29.980139,0.004378
0.344837,-0.074623,30.393096,0.004566
0.346976,0.123759,29.732778,0.004537
0.272548,-0.134315,30.070093,0.004455
0.342380,-0.080285,29.923711,0.004495
0.326971,-0.028800,29.753560,0.004419
0.328931,0.050796,30.481147,0.004544
0.308588,0.166992,30.033925,0.004565
0.324282,-0.041129,30.085330,0.004464
0.282659,-0.076895,30.679932,0.004500
0.286529,-0.098469,30.025022,0.004426
0.350344,-0.194098,29.997136,0.004638
0.290262,-0.093723,30.053073,0.004430
0.360179,-0.182260,29.840554,0.004623
0.370933,-0.076329,30.511950,0.004658
0.252382,0.021215,29.835769,0.004345
0.270436,0.114770,29.947960,0.004440
0.389177,0.209080,30.340341,0.004877
0.272317,0.022160,30.268432,0.004418
0.339478,-0.191996,30.105430,0.004627
0.297264,0.032700,29.902375,0.004397
0.346855,0.221743,30.239296,0.004764
0.268474,-0.024709,30.133142,0.004392
0.265126,0.249071,30.012379,0.004702
0.284859,0.131688,29.873030,0.004462
0.194180,0.041573,29.836428,0.004371
0.247602,-0.044951,29.969264,0.004363
0.309784,-0.074869,29.995751,0.004437
0.270702,-0.035551,29.945171,0.004368
0.272105,-0.013840,30.051857,0.004382
0.343211,-0.059847,29.587905,0.004439
0.335369,0.238392,30.064372,0.004749
0.408462,0.032386,30.307772,0.004759
0.226251,-0.131848,30.051482,0.004444
0.257461,0.015207,30.201522,0.004397
0.270592,-0.043502,29.872254,0.004360
0.266584,0.046553,30.223083,0.004418
0.357981,0.147666,30.042821,0.004640
0.356609,-0.007990,30.583570,0.004611
0.364685,-0.197516,30.210221,0.004712
0.377910,-0.054806,30.188418,0.004624
0.274772,0.144264,29.706572,0.004447
0.293301,0.061393,29.742848,0.004384
0.327928,-0.077153,29.983968,0.004470
0.333664,-0.170547,30.040556,0.004575
0.336501,-0.128723,30.306000,0.004573
0.287186,-0.051796,29.829224,0.004372
0.322466,-0.058977,30.103701,0.004468
0.248425,-0.072426,29.817720,0.004354
0.276024,0.051412,30.177369,0.004422
0.307267,-0.015851,29.826208,0.004393
0.320184,0.019044,30.017826,0.004447
0.344988,-0.103152,29.723210,0.004486
0.301707,0.013615,29.770120,0.004379
0.317739,0.117077,30.191959,0.004535
0.312268,-0.194634,30.211715,0.004599
0.430516,0.060720,30.044362,0.004829
0.283032,-0.138202,30.152102,0.004479
0.336086,-0.112362,29.835428,0.004489
0.340553,0.130157,30.073306,0.004579
0.338797,-0.091081,30.300785,0.004548
0.295159,-0.078288,29.824487,0.004393
0.258674,0.045827,30.296144,0.004423
0.251307,-0.094258,30.194341,0.004424
0.316159,-0.094788,30.083742,0.004473
0.333295,-0.136296,30.083628,0.004541
0.332682,0.153047,29.757575,0.004545
0.354790,0.014159,30.380535,0.004579
0.298674,0.239550,30.012269,0.004693
0.360681,-0.033068,30.122378,0.004556
0.258397,0.017751,30.098394,0.004384
0.250407,-0.041036,29.905968,0.004353
0.229144,0.093990,30.154664,0.004438
0.255728,-0.034591,30.178548,0.004392
0.242097,0.067691,30.049729,0.004398
0.272158,0.007543,29.823466,0.004351
0.344046,-0.159520,29.998688,0.004578
0.356443,-0.029149,30.178417,0.004552
0.340461,-0.209622,29.611888,0.004583
0.280428,-0.060906,30.326418,0.004440
0.234254,-0.022020,30.193945,0.004388
0.285748,-0.104757,29.990356,0.004425
0.295139,0.113542,30.086758,0.004482
0.286002,-0.014278,29.719318,0.004348
0.267982,0.097044,29.775296,0.004394
0.256608,0.256962,29.880431,0.004705
0.375311,0.099511,30.040278,0.004638
0.285086,0.292251,29.543237,0.004754
0.345559,-0.028640,30.408206,0.004556
0.303587,0.058032,30.020304,0.004436
0.348292,0.156630,29.768196,0.004586
0.163525,-0.047696,29.804834,0.004402
0.315916,0.140313,30.565040,0.004615
0.321620,-0.148341,29.974587,0.004516
0.441733,-0.083028,30.285082,0.004914
0.314477,0.064418,30.303991,0.004499
0.303888,-0.054553,29.870391,0.004401
0.255916,0.183146,29.801707,0.004519
0.355137,0.218222,30.085234,0.004753
0.294790,-0.117702,29.961801,0.004442
0.290584,-0.113743,29.881038,0.004422
0.374826,0.150314,29.998142,0.004686
0.360208,0.337454,29.616149,0.004990
0.326539,-0.181559,30.034914,0.004576
0.356587,0.098812,30.140786,0.004597
0.233624,-0.015357,30.364280,0.004412
0.247253,-0.029685,30.057970,0.004371
0.358453,0.014085,29.917516,0.004522
0.225505,-0.149044,30.103919,0.004476
0.187329,0.054109,30.062998,0.004419
0.420607,0.088987,29.876573,0.004776
0.310022,0.172481,30.020203,0.004574
0.371384,0.079557,29.904299,0.004589
0.259810,-0.038044,30.081980,0.004381
0.283862,-0.114197,30.116010,0.004449
0.426620,-0.356503,30.130981,0.005239
0.282014,0.003366,29.880326,0.004368
0.281340,0.020721,29.942872,0.004380
0.344400,0.132496,30.042412,0.004586
0.291779,-0.006440,29.887867,0.004379
0.281879,0.239090,30.126159,0.004697
0.338193,0.031935,30.118737,0.004504
0.320903,0.046867,30.233924,0.004490
0.311015,0.035469,30.200393,0.004462
0.325169,-0.062706,29.794128,0.004430
0.327945,-0.108164,29.427563,0.004409
0.393191,0.086136,29.883095,0.004665
0.310308,0.050275,30.111368,0.004455
0.296362,0.116657,30.094474,0.004488
0.418207,-0.203781,30.250982,0.004911
0.351191,-0.218717,30.121607,0.004698
0.243161,0.097118,29.991139,0.004417
0.275879,0.271127,29.639132,0.004706
0.303627,-0.135875,30.240625,0.004512
0.341765,-0.012995,29.850074,0.004465
0.279594,0.005145,29.565586,0.004321
0.258978,0.116217,29.526376,0.004375
0.306560,0.128210,30.329850,0.004550
0.277103,0.058269,30.507887,0.004474
0.245702,0.000081,29.427051,0.004281
0.306908,-0.103384,29.756005,0.004417
0.280251,-0.121057,30.324727,0.004483
0.246815,-0.274357,30.152143,0.004738
0.348993,-0.137051,29.896490,0.004550
0.258521,0.029527,29.446877,0.004295
0.259449,-0.072494,30.024759,0.004387
0.265947,0.084957,30.139925,0.004434
0.195301,0.015790,30.544772,0.004460
0.320832,-0.045865,29.708554,0.004404
0.221293,0.067956,29.741213,0.004357
0.247088,0.056804,30.025618,0.004387
0.260438,0.010035,29.888398,0.004353
0.325911,-0.041694,30.232484,0.004488
0.217528,-0.112404,29.519742,0.004350
0.315387,-0.067535,29.619583,0.004389
0.344733,-0.081592,29.869250,0.004493
0.370516,-0.182585,30.269041,0.004716
0.283399,-0.117133,30.097865,0.004449
0.262093,-0.070008,29.859704,0.004364
0.330004,0.012574,30.449589,0.004528
0.351930,-0.145608,30.218097,0.004614
0.284467,-0.208371,29.713590,0.004520
0.351509,0.017604,29.760519,0.004481
0.129777,-0.053866,29.993146,0.004507
0.284978,0.055370,30.285486,0.004448
0.255480,-0.034394,30.079192,0.004378
0.281316,-0.018757,29.744696,0.004347
0.261132,-0.022101,29.899064,0.004353
0.381566,-0.025810,30.081732,0.004615
0.256309,0.037011,29.543679,0.004311
0.255506,-0.020883,29.769106,0.004332
0.371986,0.146824,30.459007,0.004742
0.242957,-0.147999,30.115056,0.004470
0.366945,-0.041317,29.948118,0.004550
0.357791,0.171901,29.718574,0.004625
0.306459,-0.031058,29.643041,0.004366
0.288993,-0.008287,30.266655,0.004430
0.301239,-0.039387,30.014640,0.004413
0.421262,-0.035312,30.071786,0.004769
0.316577,-0.066389,29.940662,0.004437
0.305302,-0.047425,29.928585,0.004409
0.343311,-0.138198,30.076013,0.004564
0.332556,0.011536,29.835206,0.004444
0.349763,0.107569,30.059833,0.004575
0.252114,0.096823,30.268695,0.004458
0.253589,0.023054,30.321215,0.004415
0.308163,-0.055482,30.289127,0.004468
0.329042,-0.096918,29.728927,0.004447
0.302817,0.222005,29.759529,0.004619
0.353914,-0.089830,30.342527,0.004591
0.299432,-0.077604,29.716719,0.004383
0.303958,0.210751,30.115124,0.004650
0.367871,-0.063602,29.605468,0.004509
0.278601,-0.051023,30.277845,0.004427
0.373942,0.073272,30.062019,0.004616
0.300944,-0.066135,29.913982,0.004408
0.300035,0.092018,30.158115,0.004477
0.271325,0.110273,30.268230,0.004482
0.244730,-0.129998,30.056821,0.004439
0.247346,-0.010626,30.113321,0.004377
0.289277,-0.107387,29.578891,0.004372
0.274980,0.244137,29.728838,0.004647
0.287719,-0.007757,30.031229,0.004395
0.292372,-0.133310,30.144226,0.004482
0.269706,0.204157,30.090288,0.004607
0.284554,0.116159,30.045813,0.004467
0.287289,-0.017819,29.827542,0.004365
0.345327,-0.180107,29.991829,0.004606
0.298456,0.042480,30.309949,0.004462
0.454600,0.076665,29.954537,0.004946
0.294607,0.260925,29.758822,0.004704
0.299324,0.038697,29.790071,0.004387
0.371459,0.040345,29.960471,0.004575
0.328426,0.020104,30.148385,0.004483
0.313463,-0.024279,30.558783,0.004508
0.230744,0.045697,30.441089,0.004439
0.284816,-0.157614,30.220870,0.004515
0.235691,0.114290,29.562623,0.004376
0.314056,0.019514,29.755725,0.004398
0.362679,-0.256414,30.089415,0.004790
0.227946,0.093964,30.218361,0.004448
0.252046,0.129888,30.169383,0.004484
0.273456,-0.001685,30.104039,0.004391
0.417285,0.367203,29.604955,0.005248
0.308643,0.052250,29.790781,0.004408
0.272640,0.041189,29.737643,0.004351
0.350658,0.061075,30.043267,0.004538
0.401576,0.104755,29.726676,0.004688
0.293787,-0.074560,30.364702,0.004467
0.265698,0.208282,30.642513,0.004698
0.381290,0.020045,30.084668,0.004619
0.347349,0.281240,30.047284,0.004872
0.205685,0.038594,30.028627,0.004387
0.296224,0.043153,29.772034,0.004382
0.368446,-0.084963,29.632004,0.004524
0.221373,-0.095832,30.056173,0.004408
0.304330,-0.103890,29.837578,0.004425
0.282816,-0.222276,30.074296,0.004599
0.314505,0.000590,30.482408,0.004500
0.278062,-0.127431,29.980434,0.004438
0.306736,-0.052130,30.130253,0.004442
0.291700,-0.009712,29.676237,0.004349
0.226657,0.026229,29.880848,0.004351
0.304584,0.192976,30.070188,0.004610
0.276406,0.014269,30.076237,0.004392
0.315625,-0.017743,29.844674,0.004409
0.312294,0.172086,29.598951,0.004514
0.319798,-0.071352,30.013151,0.004455
0.325237,0.030058,29.852088,0.004437
0.314621,0.057256,29.815058,0.004424
0.420865,0.152495,29.871352,0.004841
0.282040,-0.122320,30.069961,0.004449
0.385881,0.083929,30.060235,0.004664
0.290242,0.020862,30.137907,0.004418
0.297666,0.226242,29.956527,0.004653
0.280607,0.062236,29.819104,0.004381
0.373267,0.016047,29.991707,0.004578
0.343992,0.016758,29.955143,0.004490
0.297133,0.059319,30.385050,0.004480
0.388497,-0.402247,30.410831,0.005301
0.304921,-0.172681,30.248756,0.004561
0.262290,0.064776,30.103396,0.004410
0.237978,0.082015,29.751261,0.004367
0.357668,0.095943,30.203326,0.004606
0.339866,0.250947,30.563172,0.004863
0.333373,0.184340,30.008711,0.004632
0.364591,-0.068001,29.865223,0.004539
0.328522,0.053751,30.235403,0.004510
0.388223,-0.210164,30.124494,0.004789
0.326537,0.047936,30.158606,0.004491
0.336407,-0.261821,30.114984,0.004750
0.254539,0.016893,29.640125,0.004317
0.174834,-0.029407,30.165704,0.004429
0.180897,-0.094541,29.978103,0.004434
0.313772,-0.137315,29.924913,0.004483
0.272508,-0.014057,29.890367,0.004360
0.188308,-0.104810,30.286746,0.004479
0.240307,0.068168,29.980664,0.004388
0.312608,-0.043877,30.187826,0.004457
0.289308,0.054121,30.108215,0.004427
0.295223,0.058946,30.215334,0.004453
0.349360,0.045861,30.354612,0.004572
0.171521,0.158806,29.832915,0.004556
0.393468,0.128416,30.094512,0.004738
0.243851,0.121571,30.074032,0.004458
0.249213,0.027114,30.138921,0.004389
0.363930,0.094591,30.273821,0.004634
0.231020,0.017346,29.735186,0.004327
0.237261,-0.016621,30.223420,0.004392
0.308937,-0.248649,30.105694,0.004680
0.301084,-0.145685,30.114688,0.004502
0.294559,0.116429,30.245439,0.004508
0.271176,-0.054537,30.511649,0.004455
0.353884,-0.192031,30.141674,0.004665
0.341936,0.033689,30.014311,0.004498
0.333795,-0.080894,29.870439,0.004468
0.253274,0.091807,29.861702,0.004395
0.343279,-0.099522,30.397935,0.004578
0.296657,0.093840,30.393061,0.004508
0.226919,0.088586,29.735850,0.004373
0.295421,-0.064038,30.565872,0.004492
0.275547,0.135184,29.623180,0.004423
0.247378,-0.110523,29.414439,0.004326
0.244428,0.060461,30.122339,0.004403
0.348999,-0.190527,30.217942,0.004663
0.394671,-0.151811,30.114902,0.004736
0.362651,0.080310,29.578548,0.004515
0.282562,-0.160725,30.206144,0.004515
0.326559,-0.056333,29.780344,0.004429
0.340775,0.164807,29.951465,0.004608
0.350828,-0.235210,29.956941,0.004701
0.336468,-0.064946,30.003327,0.004485
0.167485,0.159201,29.865976,0.004570
0.317103,0.060753,29.768424,0.004424
0.368087,0.214309,29.947790,0.004759
0.271754,0.068813,29.665933,0.004357
0.358493,0.051589,30.086984,0.004561
0.223279,0.027384,29.955080,0.004363
0.325407,0.140531,29.863392,0.004529
0.295157,-0.127365,29.732009,0.004419
0.293725,-0.025845,30.468789,0.004465
0.308534,0.046819,30.281321,0.004475
0.334932,0.103897,30.234419,0.004562
0.385419,-0.080030,29.790052,0.004600
0.255698,-0.167657,29.388810,0.004394
