# overetch,thickness,offset,sensitivity
0.253078844641913,30.0520325554777,-0.0234973139913642,0.00443490084095022
0.26462330522459,30.4037349404521,-0.0302857702306157,0.00449805975683273
0.313065952303103,30.0108498575734,-0.0750066900157175,0.00452935744219263
0.286155047532094,30.0120893434205,-0.0442549484995689,0.00446996252525425
0.313938451883587,30.1009490825253,0.0375016390748571,0.00454054036373419
0.207438220738879,30.4052579794191,-0.0359180769313596,0.00447796429036784
0.317835179644177,29.9886866603653,-0.132818270381211,0.00457822833471269
0.342692881311991,29.6778767995928,0.0854753436006749,0.00457537395150015
0.319517269822448,29.8469680950492,0.0510345960719161,0.00452078133474762
0.327445787147033,29.8097465356907,-0.183154128411246,0.004629982570897
0.286396624451481,30.1996178011479,0.00338496422622675,0.00449527251266813
0.286433634813354,30.0690061479675,0.0421017278809499,0.00448777893392038
0.33929543179158,30.1001639054987,0.0690071211521355,0.0046191442934849
0.222988998051502,30.0423107434633,0.00787758623280366,0.00442177002141356
0.352564618219242,30.17036964848,0.245247074789901,0.00491036429445728
0.267443044535423,30.0998156768289,0.000106985326949928,0.00445535146163564
0.34571667477578,30.2890826592082,0.268159913258926,0.00496337632185574
0.324638610322453,30.2960139067179,-0.0982826051382776,0.0046117248588757
0.269866723610815,30.3180891583258,0.121762697619866,0.00457081111029545
0.28341907569528,29.8327654606942,-0.0170891873946421,0.00443521623876556
0.376740774996621,30.2576908151693,0.174165811620822,0.00487403208192826
0.313513688357093,29.6189074023157,0.0582404343083048,0.00447727617156407
0.330167189034498,29.9380455880599,-0.093924819321044,0.00456753760586362
0.269543313441289,30.1026961136638,0.00896575376926561,0.00445945376373474
0.373471338385404,30.0896869329095,-0.0848037120554982,0.00471513399610987
0.331279616215488,29.8887614369709,0.0427917340570855,0.00455115870314304
0.225900777740725,29.9867482590403,-0.108362403069169,0.00445817852244237
0.24351679730931,30.0245949265656,0.150778399635616,0.00454914546665322
0.286082011761299,30.4016439703849,0.0504770877780017,0.00454121055220727
0.29270367632134,30.2612889001939,-0.203999514264935,0.00467067866768281
0.350924051651182,29.8666447830648,-0.077487704880877,0.00460362537634415
0.307232512935802,30.3285233177089,0.029205595203951,0.0045576883996761
0.235000608997661,29.8344354279496,-0.0476334640985535,0.00439826869088972
0.338625488870982,29.6895460981665,0.0874189933667797,0.00456769317192637
0.315209811386943,30.0404271227653,-0.177919403337523,0.00463336333805184
0.253934319484721,29.9213414548444,-0.213548794705065,0.00460438189666673
0.301442153481541,29.9405969533422,0.0115927945886294,0.00448336777147013
0.275877244173758,30.054828234395,0.102015283215145,0.00451578778250575
0.292344067733786,30.5275856835354,0.0742425973195154,0.00458546483579669
0.323655159521564,29.9294986182265,0.181502423646718,0.00468146340721437
0.259829864608399,29.6252909971334,0.0783126342759104,0.00441352871866516
0.379803647256266,30.0481464626775,-0.353021600886048,0.00515188020832628
0.304894040825659,29.7905285121412,0.112214073613298,0.00453021215450458
0.372245255712755,29.7225328422837,0.161068557856404,0.00475395663787553
0.29177092772059,29.8027157831843,-0.0131358623390216,0.00444340143891706
0.323532434540321,30.34102116738,-0.180304516394382,0.00470000347659197
0.26994901680513,30.0031222441899,0.0849803451562513,0.00448526475964756
0.222479234604076,29.9087781256989,-0.0867553319135137,0.0044282696774807
0.278117899598843,30.2549218860616,0.112798934702992,0.00456010435887208
0.271738861971279,29.4705057382225,-0.026561131974145,0.00436711049158203
0.334038235218535,30.5438267856639,0.0263480748566289,0.00465160853476213
0.251743675537703,30.0025807929623,0.00401369615453238,0.00442718573333414
0.226478644723012,29.6961314284893,-0.0774657465831154,0.00439057993968459
0.242872383189391,30.2092345917513,0.0265947200258105,0.00445774835710136
0.407203033517387,29.8521158050985,-0.176507570348466,0.00488557002481278
0.226982780197344,30.4199544183733,0.163210214478532,0.00462842800420368
0.357924973133836,29.8779274289541,-0.0479823325471387,0.004616260833049
0.225370113517358,30.2385283875283,0.0346688435429392,0.00445948739062016
0.181123697356734,29.8694497228814,-0.0332080702392676,0.00441345274025276
0.316809817090869,30.0317667503952,-0.0392502415917771,0.00452802208478112
0.245988952367706,29.5381403667347,0.16063481770223,0.00449184313235196
0.179323722374887,29.8783507989413,-0.00626580405223814,0.00441354276429351
0.297606984557762,29.7810810098285,0.0837747383268847,0.00448941346762577
0.284401514440736,29.9347072582315,-0.0844902068537155,0.00447355496098095
0.272202079916344,29.9180176574301,0.186065284907092,0.00460956973480939
0.355238530459497,30.0525983652287,-0.097811075792362,0.00465653169743568
0.292337646895163,29.8668380682082,-0.0851213446082351,0.00447555287120124
0.325588639231146,30.0063468109166,-0.121457323082594,0.00458755775958969
0.286979629653391,30.0565643094793,-0.0122443188807059,0.00447369898289976
0.27826536670909,29.7728532058007,0.141003074001599,0.00452223861534826
0.259467671025053,29.8511427936827,0.0330313752110954,0.00441915703545309
0.263652198690825,30.1685748076587,0.12812846553577,0.00455042528979896
0.311963887478228,29.7403683346451,0.189747864194875,0.00464235129994028
0.311910822377323,30.0644470789774,-0.0459939166115675,0.00452405499923292
0.2542214100881,30.483916224073,-0.106475714624011,0.00454033074080862
0.279658616112267,29.9552386756492,-0.10891298288335,0.00448804076714371
0.226350754500053,30.1351360675964,0.0318591261736807,0.00444315880735033
0.305813130540324,30.11478415911,-0.107952071780241,0.00455184495714653
0.318789710100492,30.1877219298583,-0.148746448651445,0.00462719303045162
0.225066652783907,29.8664977291469,-0.0353188944947437,0.00439716741771454
0.343765505131193,30.524636654765,0.159095554914844,0.00479017959178277
0.329114692936597,29.5416600384288,0.000540357527977532,0.00448095697501605
0.306361174420621,30.2469628489565,-0.0804058159738996,0.00455439882274131
0.282660083806414,29.9675154277282,5.65950856164185E-05,0.00445482768864985
0.220378528539539,30.1985718957991,0.0650275552545618,0.00447162960906206
0.331850061871932,30.3574296571069,-0.024839577236233,0.00461113895829771
0.308197256266041,29.7912621637036,-0.279512125999976,0.00476864241123673
0.370676476468058,29.9953693006806,0.199656427511588,0.0048507439692289
0.37194938978254,29.4833277687387,-0.160785033289831,0.00467444650472798
0.323527688728952,29.9923703610891,0.0681852023393372,0.00456223107425866
0.278498545687377,29.9742131181191,-0.107454721318911,0.0044882389383602
0.226368995317164,30.2229252495025,-0.190774695814396,0.00460751612552535
0.24391349322241,30.1443723055298,-0.00374088732322835,0.00444214892427064
0.340420588262081,29.9689666099868,0.219163532327722,0.004793216441507
0.361677395816039,29.3312142852718,-0.0694945966820049,0.00455036140702642
0.305848671562524,30.0410689259626,-0.0111688980393093,0.00450416373303036
0.379852424112617,29.9533717871423,0.0497441621621053,0.00471626750735832
0.297602201673903,29.9797858736875,0.18959415092111,0.00465550064699494
0.203247088113645,29.9907915550038,0.0382880941245342,0.00442731469554442
0.300233192274349,29.7769353526899,0.0433893519004779,0.00446746026044784
0.282343244585655,29.668009727997,-0.0953905300826685,0.00443807101090785
0.309801970260023,30.0275431320735,-0.151666034892843,0.00458821298158624
0.34914895224363,29.671436295049,-0.105891025258813,0.00458484453012686
0.259921137182377,30.1794792513637,-0.103218108401004,0.00449646111775762
0.33877719831927,30.3292370016268,-0.22706223047105,0.00480555998641288
0.349802812138317,30.049678029221,0.0178919115931355,0.00461809581953696
0.26425923376936,30.4137386962426,-0.0943789915422904,0.00452818347387043
0.279746616269275,30.0605384443376,0.172145271317878,0.00461480957617369
0.329252585212769,29.6927253367864,0.071112378311963,0.00453223211664697
0.272585140486112,30.3106372869584,-0.021904107448204,0.00449214026741432
0.273283205968593,30.2598783906823,-0.0126691348638207,0.00448509008341549
0.321794564048621,29.8707091601937,-0.0432282377065984,0.00451573986569467
0.251449359567708,30.1652144595629,0.207363742337308,0.00467763657127995
0.345678780218316,29.70333536211,0.179972679476179,0.00469690921296861
0.266158883676013,29.9337930852498,-0.00152338859577895,0.00442923619301069
0.277123766797525,30.2902453151027,0.130966523996812,0.00458609432526078
0.227427364618595,30.2789034556138,0.00550049358212291,0.00445681150173821
0.322660202001329,29.7888613282173,0.118650955376724,0.00457299219957674
0.391582710495445,30.0724241063197,0.225955215575231,0.00498552412357478
0.325917893823218,29.9273410796048,0.0215797912313643,0.00453591465141653
0.210158879686874,30.2308875101864,0.146251496778664,0.00457586647327324
0.303288391662144,30.3366467148371,-0.0158010813407695,0.00454350168501305
0.231135544397727,29.8911242535605,-0.161329528473227,0.00450805408995295
0.299205532612809,29.9455889184013,-0.187990212385208,0.00460573847355236
0.284803128043652,30.2070293356715,-0.237773162426268,0.00471609860038488
0.236463309282217,29.8105103418453,-0.0318225989653199,0.00439105963871261
0.340990348222304,30.1351633365705,-0.0896654951327155,0.00462309211440748
0.335139803517474,30.1750632899375,-0.0930736998374398,0.00461571494788926
0.316195833104521,29.9804813271103,-0.133880413475855,0.00457461897430192
0.362252654056747,30.1969074537678,-0.106370819098322,0.00470670287549133
0.190529645974379,30.2403869291975,-0.0667958857833103,0.00447525041892175
0.355602574003142,29.7354811770539,0.0368462081955779,0.00459359571762219
0.255512882043939,30.0467402188454,-0.0638591240161352,0.00444762468244009
0.313592115446681,29.9650101553554,0.141845573179404,0.00460826367131348
0.252560436981972,29.8471090943993,0.0507538858671193,0.00442164071073456
0.332309626235607,30.1745595379947,-0.0526940245299702,0.00458981575145195
0.262126317057487,30.2304945862056,-0.0996397514571837,0.0045030148206909
0.287383333901571,30.2683976246172,0.120056199468306,0.00458276013980546
0.29043390881479,29.9604498023797,-0.0608085392358461,0.00447431619109723
0.297282161537893,29.877417966559,-0.0503590629826811,0.00446946029518344
0.207007832551666,30.2056801545326,0.0740856217143404,0.00448247761921047
0.216751123092996,30.0398777686458,-0.13251809630702,0.00449353830395097
0.360558580086876,30.1645499758213,-0.00474484349170739,0.00466565060106594
0.268767810912558,30.218417773304,0.0351572675226967,0.00448379537071267
0.31386450514453,30.1672156820886,0.169288822843886,0.00467900595449347
0.298341823777343,29.797772296235,0.0969582557325763,0.00450466031492369
0.322676059581158,30.0805279279067,0.00218866421679523,0.00454730345022503
0.254239353814754,30.1262100273882,-0.0622590064434122,0.0044576667229711
0.282110981627967,29.9142483830511,-0.15184630631542,0.00452887618251011
0.372465671375896,29.8903558763495,-0.208683241556026,0.00480183476054188
0.336404102707732,29.8047914749992,-0.0488511718662779,0.00454304864486976
0.349180148144483,30.095969576932,0.0303767891357348,0.00462716417932696
0.324336061111398,29.5617747041022,-0.0951136366220081,0.00449721177817375
0.338212106323973,30.097305928871,-0.19739593635209,0.00472001313317566
0.337773650584553,29.9311172544922,-0.10966038220593,0.00459645121647728
0.277205671135727,30.0561064026992,0.0495690510705962,0.00447678945098851
0.304189643045509,29.9489148939909,-0.105653527713068,0.00452202510277591
0.284582501196511,29.6164997860964,0.0495193040605551,0.00442124557732862
0.246682820398846,30.1982801981176,0.174408923718316,0.00461637197373035
0.261593305729269,30.153150644871,-0.0867315678901654,0.004481563541814
0.331174179543912,30.0388898129778,0.218464408305944,0.00478108253113491
0.263881208079728,30.0201851321707,0.00458426400371007,0.00444043127222035
0.298110302144953,30.1880900239589,-0.0424508081920029,0.00451520280782797
0.278906744930544,30.1129735764885,0.211635204512298,0.00469544387306425
0.318540149829994,29.8654005538785,-0.0571311047822795,0.00451160018406246
0.268997884570317,29.7830305012567,0.206517342332682,0.00462537582858083
0.26187732426659,30.2067196350721,-0.093580488648232,0.00449461580973232
0.313805933954947,29.856270993986,0.0439732108458655,0.00450622613532944
0.297813398189104,29.443862413813,0.000671249161544087,0.00440078399488966
0.235306898239972,29.9374935840472,-0.0552649376243694,0.00441645730855905
0.352380763199794,29.7954985888392,-0.0422565297327132,0.00458516627804501
0.290625682026693,30.1621895296382,-0.20754135924847,0.00465876531624759
0.322883917651589,30.2975883075398,-0.131787816764743,0.00463535971368731
0.273911198471939,30.252521109233,-0.0246563732450161,0.0044853987666843
0.288359188443294,30.1940477162548,0.0811323111928976,0.00453450939799305
0.296538209548007,29.9842627480407,-0.128314016941524,0.00453395275780683
0.284129036391724,29.8817152931149,0.0804823622634178,0.00448093821552037
0.314309306921319,29.7970075250114,0.00976041984747751,0.00448702954127808
0.301799164679151,30.0076362179548,-0.0404305608380702,0.0044943830058968
0.327272610396452,30.1482932592323,-0.0734013432947833,0.0045812520807948
0.344406713606686,29.8131903029949,0.118557729479601,0.00463120798685282
0.290055556599556,30.2021945354166,-0.0777946353165381,0.00451796203206778
0.272510842518167,29.2299493447717,0.0488854655523508,0.00434773947883549
0.365809992824058,29.9075167063254,-0.0758143730719087,0.00465603102926548
0.366913245457669,30.0186153873765,-0.152179370226285,0.00473339005021597
0.156285072472469,30.0907958972955,0.00833407347251309,0.00447406818150453
0.302153475459064,29.6971317029304,-0.0378665547769006,0.00444798973679597
0.278655291339281,30.0136349198876,-0.203203263974876,0.00461534420505444
0.330375616707641,30.3007877392043,-0.0401758221467115,0.00460093134276726
0.314513574610985,29.8533658575718,0.15313257312731,0.00460803604322027
0.180035114317104,30.552873912954,0.0650409725596931,0.00454396362074916
0.238860173392104,29.800018448595,0.0256340303853818,0.00439508782003292
0.321930715615295,29.4873552801625,-0.0656007497990934,0.00446513695283124
0.209401677983147,29.6952912508162,-0.0529114571110604,0.00437863420893342
0.289449081632207,29.5447113341133,0.0623513501730567,0.00442519686790688
0.314637201725836,29.9436374001637,0.123987433648363,0.00458537962294692
0.266091611235562,29.9433541964662,0.0273904233855952,0.00443709454681091
0.280496312711423,30.1271893172187,-0.0331925416951356,0.00447656441558222
0.260889220140674,30.0290797892891,0.156453873483382,0.00456754312082897
0.315555338693684,29.619821076719,-0.105093641789578,0.00449382604898441
0.340987178643963,29.5135491639501,-0.0461106093460283,0.00451015094261212
0.287657611211409,30.269435653686,0.107841846947728,0.00456975660276826
0.3797853826464,30.1345560387582,0.188063196069485,0.00488625463514388
0.269747061257614,30.2114412319297,-0.0166833437982518,0.00447380846169496
0.320393911233823,30.30153073422,0.00232782398615801,0.00457539721286887
0.238497930270832,30.2831847499889,0.000481691282944623,0.00446027418807615
0.346261687183133,29.8882489537417,0.191297686940426,0.00474587843087837
0.312226122055244,29.5608935785935,-0.153815665913924,0.0045238507721162
0.340011561465182,29.9506505069383,0.0217821194659544,0.00457586245846264
0.320617874751341,30.3508941276029,-0.0786768046923212,0.00459902668340867
0.244312704621986,30.3034601131621,-0.119910683618641,0.00452080923732595
0.272767342696468,30.1009841263117,0.0506497083902359,0.00447857588488121
0.278881085760091,29.75483864308,0.0151730868863785,0.00442069194887051
0.3322531627273,30.3010991765569,0.0124415546721657,0.00460618884402445
0.503021614895741,29.8741561896648,-0.398966644223141,0.0058583464499828
0.238322072801519,29.5763116335985,0.0992362004950819,0.00441295487667395
0.35804555239885,29.9843306674832,0.0857930923206712,0.00466855159627622
0.350904135342633,30.0554771213412,0.0570956381537638,0.00463831011739785
0.302787839394133,29.8845767420585,0.0678482817485784,0.0045023371942908
0.335384550426598,30.0424327654035,0.0890637697698783,0.00461474214116717
0.281923229265354,30.3180838297823,0.054172810201959,0.00452479458246685
0.353659450384156,30.2507842904579,-0.0199326686151544,0.00465653539282232
0.285072166157523,30.4196391372994,0.0652707663665411,0.00455153803035155
0.263930945782837,29.9101920587511,0.0321524640740814,0.00443176259044911
0.258992998721451,29.8989276903448,0.169429977640087,0.00456759204951895
0.339795464005012,29.6945314450011,-0.245879416943476,0.00474096765164393
0.374883176941418,30.138915472751,-0.0626102269920212,0.0047184572649345
0.302106275362841,30.0819663470807,0.0223943121170103,0.00450852871217358
0.242579551911293,29.6599716221138,0.165418295682402,0.00451737877343134
0.283436146584226,29.8497885524079,0.0181664141466878,0.00444185855649029
0.328226966386583,29.9555687454307,-0.210580128843897,0.00469516291764596
0.293650520512866,29.9664346331877,-0.14617712618399,0.00454562778260173
0.340869355993088,29.9752511658234,-0.178176105967239,0.00468097076692867
0.298270051322197,29.9420263528802,0.0446604482272118,0.00448933370758067
0.309017865627213,30.0306774416873,-0.116099934116233,0.0045518018076694
0.323585611891237,30.1708669286654,-0.0705614568960349,0.00457461418384561
0.26527605518209,30.2533735700326,0.116810129984189,0.00455066444800981
0.33149447223054,30.3338890502321,-0.0231324522795496,0.00460652343551959
0.328660224744996,29.7461183434145,0.173022494775999,0.0046505782403922
0.331010718683324,29.8252532985667,0.11563228513033,0.00459500817979816
0.235477158900343,29.9184195238416,-0.0347770019052468,0.00440719791729641
0.324944553847862,30.0262661808631,0.0112488653439186,0.00454601294352119
0.357954364014043,29.6357387261018,0.088554602898689,0.00461614122813847
0.269298951634153,30.1898586029739,-0.0321589860174205,0.00447173129560211
0.276258729409706,29.8165513938092,-0.0669588064623614,0.00443575667705112
0.285380321983425,30.0526926442641,0.0370815586164376,0.00448150535803485
0.316392903622936,29.957836244175,0.0236227899982632,0.00451922376909464
0.317122682940182,29.9087011078897,-0.182737168816809,0.00462336544012398
0.253364636405898,30.4413145300752,-0.155846775306936,0.00458874694515099
0.340495772076205,30.4322553842879,0.0409512563238789,0.0046578446333885
0.310885317812894,29.9055371423859,0.115794247833402,0.00456293629902643
0.284329677983022,30.0935441860843,0.134402426525853,0.00456969132993929
0.30740907829879,29.4733314632769,-0.192353300403516,0.00455241648684282
0.259441536720608,29.9244228359209,0.0368717345414256,0.00443161408123388
0.271840900455077,30.0118904884642,-0.130469927145531,0.00450797800891314
0.340179675305145,29.821736225167,0.18353497698351,0.00470674949033187
0.326094900775342,29.9477620545536,-0.0403668591970502,0.00453687120290328
0.271020919346974,30.0735746605486,-0.138522561051754,0.00452519937299081
0.327886107997249,29.9915109866445,0.0500403251109281,0.00456185256212649
0.304406040387733,30.1451425995813,0.0463992229717397,0.0045319701606944
0.282317731460223,30.2227266440104,-0.0368612198951629,0.00449400096557806
0.30808518884102,30.0297287445289,0.119675085639484,0.0045806857500372
0.245053714113666,30.0906329322548,-0.0390048695178281,0.00443802365345183
0.367549064853023,30.4743142030861,-0.0382231480900586,0.00473860683182809
0.296012392206967,30.1010256143838,0.0074065095843732,0.00449684098855055
0.282770152448235,29.7288070044645,-0.112048959645319,0.00446069911936647
0.306231872294154,29.9318103501869,0.207705450593641,0.00469485939751183
0.33590287655833,29.8297483504261,0.0435356181932889,0.00455443055353869
0.305088618813875,30.0877816646488,-0.100541398641623,0.00454084186396023
0.342804739360013,30.0284196064447,0.0753337725969091,0.00462214450473589
0.345629280200502,29.8645795508014,0.0890720509974993,0.00461527098816547
0.39925451597584,30.1782041052386,0.0978422770692222,0.00486209581317657
0.321305894501058,30.3320005210779,-0.09660753538571,0.00460841551656449
0.357640995612329,29.9276472804916,-0.0972087217919778,0.00464419462619764
0.293816410754013,30.0240729924854,-0.0344701875263311,0.00448165045615828
0.28562792435557,30.069469616391,0.0204704684158125,0.00447840820646858
0.308644492465184,30.3716839546555,-0.0547786461175932,0.00456622226770345
0.33842700509254,29.8595548534211,-0.0945489615476169,0.00457689503146347
0.31450702615216,29.2835067458268,0.0944599530880775,0.00445477550081747
0.28552401990002,29.8550502746251,0.128139854117899,0.00452720468510279
0.330625081456169,30.5150416194529,0.00608048471840703,0.00463326331497574
0.29161973241067,30.3646597314482,-0.0334030300561833,0.004528656786499
0.258666563394525,29.9063230840041,-0.126765561171715,0.00447678152286163
0.227314129751798,30.0972765265968,-0.0866071773995627,0.00445629607642595
0.369897941928039,30.1193599202159,-0.155094674731736,0.00476223645601145
0.320782495442954,29.8633067617696,-0.148032250572259,0.0045808623804483
0.262018574962089,29.8391484695771,0.244995788775913,0.00471669435394689
0.29348875471417,30.235276837932,-0.108756922893806,0.00454947300801425
0.279757297008218,29.8913769311882,0.0668416234420773,0.0044662204624184
0.338706554753363,29.9887959796635,-0.157969475190433,0.00465301946884603
0.304207193599816,29.8893288647926,0.20196043756454,0.00467408184187063
0.227038144003702,30.3655387288359,-0.142958630340486,0.00455394132699569
0.378516530113851,29.7396428432135,-0.156229321634126,0.00473291059922107
0.285864593723869,30.1770253918812,-0.0921165653675981,0.00451680057533654
0.32086217063569,29.9185197606317,-0.0730091697288305,0.00453126315336161
0.323283565401408,30.4323633597307,0.0995198765274244,0.00465377834185166
0.408315014327698,29.8217851589689,-0.270400509210809,0.00502671722246245
0.268692159078663,29.6179963660123,0.206164460966168,0.00459881829187769
0.324490674135811,29.918824146105,0.0622150278891167,0.0045494942905934
0.304800335759481,30.215385897198,0.0382285855619559,0.004539472528409
0.33271445181521,30.0646004422587,0.047045593402269,0.00458361815226821
0.319812706960513,30.1905059924465,-0.0917079805837007,0.00458040859459205
0.332942691410948,29.6640864412038,-0.126628925098367,0.00455701258838953
0.252297309035951,30.2094528352691,0.00786342717201163,0.00445876212038826
0.330332321860573,29.737120172328,0.0363450011859053,0.00452294760731023
0.233049539931493,30.1796011779622,0.149848206596869,0.0045691875489651
0.339803564452624,29.6156769250279,0.0234779524953113,0.00452461314052777
0.3899243032203,30.0617603971842,0.0602825765706654,0.00477812385705931
0.345271878566171,29.7876618635746,0.189639398412056,0.00472453107061938
0.333491021707186,30.2212617461163,0.0252049273441689,0.00460068140535547
0.37586627839153,30.0160113886043,0.0855778559938897,0.00473390769145185
0.318351232924835,30.3320453577674,-0.0254635751227883,0.00457470995143708
0.198623804895679,29.9178096454835,0.14506941589267,0.00453362271379496
0.379722740447576,29.622548070507,-0.211536707523402,0.00478730292666828
0.299040140894662,30.1087745721542,0.0586360707342455,0.00452335856705988
0.275025261235579,29.7657562314715,0.0552508945478612,0.00443403441196055
0.264417310433805,30.3335340693632,0.221371120724632,0.00473986516998856
0.344106766462799,29.6311293998734,0.00287279584535675,0.0045343844010135
0.367803921303727,29.9888513635314,0.168553424020421,0.00479190436153212
0.350265593424442,30.1681351804526,-0.0872755121965939,0.00465318582128296
0.218361913125649,30.3108463748188,0.149430604068591,0.00459005081245495
0.342153009467794,29.9643263898621,0.0817900106770727,0.00461518967135885
0.336761458426449,29.8409467730236,0.114425547608639,0.00461070194557084
0.314706041137929,29.9859339079644,0.126681968144386,0.00459510049683567
0.316765292679941,30.3217739591055,0.195207727532041,0.00475196725485477
0.297698686404164,29.4084082274341,0.0423146419676503,0.00440724231162357
0.28978423797345,29.5242260474243,0.054862276615879,0.00441813076682379
0.294856020755495,29.9774984594362,0.0711242074639774,0.00450467124567791
0.367507754964437,30.1582847742047,-0.123371505381035,0.00473074841969587
0.320573798280582,30.4871042344056,-0.0590741502980721,0.00461083794879924
0.408942575188919,29.7473031967029,-0.111537697234657,0.00481757687960017
0.364085670875806,30.1654082320653,-0.117011227097493,0.00471550660460182
0.301885157070941,29.8559730498038,-0.0661303035721991,0.00448022593775335
0.177234025473645,30.315876778262,0.0648825985867651,0.00451139015264554
0.350478761463663,30.0882392231599,0.0878202776898618,0.00466300919313428
0.351423136653289,29.8130238895137,0.107459237983142,0.00464026401062578
0.333096576133692,29.5806748922592,-0.133355338491463,0.00455064757458887
0.287493187334216,29.9042552330726,-0.0675873720549657,0.00446437402140426
0.263799207344685,30.1765559427781,-0.0335680757653654,0.00446419459889597
0.261033887027584,29.8036738623757,-0.104111188490259,0.00444211201784733
0.333582622780524,29.9182212700857,-0.232145192191086,0.00473746109509185
0.303507634372155,30.019299994851,0.00278902771703075,0.00449750094165213
0.269192446034687,30.1675896713542,-0.157943888955676,0.00456143268635079
0.310533387016333,29.8966305440284,-0.055862050072587,0.00449894732631126
0.328465218210212,30.0540727932636,0.0423681529706129,0.00456907724194722
0.273695489482385,30.0585630325161,-0.0160859808708212,0.00445580365158044
0.311761860111755,29.8583914701952,0.210322955718858,0.00469777760447848
0.290977436288659,30.161845079862,-0.202414484447818,0.00465046892832802
0.381600114563142,29.7936287356776,-0.0425482841626672,0.00468374119626605
0.314939841016446,29.9102523734075,0.111416903066117,0.00456727601162643
0.287138373145994,29.9590595641441,-0.122975834475672,0.00451099791776219
0.320799605748744,30.1326223801253,0.12552696964669,0.00462927774583641
0.33627267439257,30.3416591092368,0.31553572463988,0.00507543918683312
0.260216978489787,29.7575702578804,0.161275507266255,0.00453338375893755
0.240990027915861,29.5500917041153,0.0812984104423814,0.00439289407271079
0.354772527816206,29.8602779219085,-0.0567318417833755,0.00460613092707257
0.364826460345907,30.1885813809518,0.00701428910992388,0.00468512707307711
0.26780265679266,30.2979700115773,-0.199552655499939,0.00464367182438302
0.282988717639551,29.8535251535238,0.0479623974317508,0.00445353178981894
0.29048080473142,29.7405066402395,-0.124992692248614,0.00448472313578352
0.331992765999372,29.9682612552961,-0.163412504693083,0.00463968813609622
0.270904106925339,30.0024799466567,-0.216766690204309,0.00463154511525865
0.289601093640103,29.8727913376228,-0.0157263761536629,0.00445041125837184
0.336637763135177,29.6824055811408,0.351780228752743,0.00507579415982457
0.269434841323488,30.4852437948561,-0.114092369081989,0.00456034045847711
0.269053392060354,29.7331227863275,0.215084121016828,0.00463535166770837
0.250982497529105,30.0566544176856,0.0458825599390951,0.00444884879820229
0.314041478680314,30.2755145344951,-0.00460080111692651,0.0045565415094328
0.302857503036159,30.2466648861236,-0.0337913686068113,0.00453086692939325
0.205296302144531,29.8216065466441,0.109142481236297,0.00446302872267493
0.238987762219283,29.8922621284142,0.060470365616159,0.00442669556792369
0.278226767904785,29.9343267340896,-0.0587693479221201,0.00445220395248611
0.363613707559695,30.0051806748599,-0.057334926247282,0.00465693431054881
0.184496543284315,30.2733922713954,0.0630613574568988,0.00449671259372458
0.396104964217476,29.7708618861197,-0.149460032867569,0.00479769549444667
0.28213844894681,29.8862942019664,-0.198722495797347,0.00459172238223021
0.196786168784435,29.9811580633942,0.11283606696057,0.00449651314652433
0.291068870235673,30.0512115885802,-0.0189843640682055,0.00447944783450319
0.301417741427238,29.8051822031405,0.14659739618243,0.00456759522965117
0.170388135693062,30.2462952870886,-0.00560333622354219,0.00447705621986949
0.390039816028601,30.1249688392059,-0.409306377026743,0.0053652685955972
0.279263129297265,29.7792492316356,-0.0926950572367667,0.00444885093452119
0.270026062811061,29.8907877863242,0.00579263982318336,0.00442805149360448
0.329899561838133,29.8135265262482,-0.216109021147062,0.00468545658997827
0.226758624551765,29.708021868501,0.0666413991233493,0.00440055147694152
0.315397638407436,29.5511023077233,0.115960689934449,0.00451808254738659
0.274590875021291,30.3104895570929,0.0409699422711421,0.00450695025998887
0.277532164059934,29.80678832167,0.0950614774194153,0.00447373855726832
0.325565708073995,30.09508994921,0.00552981928760958,0.00455688059802356
0.299897636871085,29.8849269125153,0.0282572569944434,0.00447684687787023
0.224044971482785,29.9270410176767,0.0354405742111344,0.00441374274546374
0.342409114493131,30.394433745498,0.0752596644522382,0.00467731097932411
0.29599690930757,29.7198915501329,-0.140983876460008,0.00450605176068936
0.271793473107831,30.2869392190707,0.194206523252388,0.00468135188292798
0.401991141479553,30.0434961586096,0.0188552096931781,0.00480855936046323
0.341134001891663,29.8755644992534,0.0635613062996916,0.00458624059010315
0.261228137639082,30.0004835028779,0.194136958499796,0.00462943155050291
0.302397479247128,29.9179953379105,-0.0294516221578387,0.00448013589483448
0.322591801501051,30.1593535106026,0.0810295000687244,0.00459470567401035
0.312132559314083,29.6056713241328,0.0261737656370912,0.00445788645923712
0.279517675693405,30.1794715071049,-0.0914079906377008,0.0045080761510248
0.207831393671633,30.1626269755586,-0.0254315263488475,0.00443999401565631
0.368434015228489,30.0636178985755,-0.173503108875381,0.00476930817033544
0.251374261580732,30.1340236116253,0.162221550396136,0.00458724683610259
0.330902771833461,29.934518482684,-0.0515617340259771,0.00454942329727931
0.245084254437941,30.1321025255178,-0.0660182702995914,0.00445443209118895
0.280444593294183,29.5148030820301,-0.166932149387556,0.00448564362158016
0.304521153762902,30.1363560868624,0.0281204053684139,0.00452312207109085
0.245270492533616,29.8292307118971,-0.112549551906508,0.00444328118191859
0.300616592539095,29.9557487586629,0.0420171638344433,0.0044943402041456
0.268798401048453,30.3858461742652,0.168270012041968,0.00464733834613454
0.318941026585589,30.0397394911157,0.0759556698570286,0.00456439207586326
0.329651274415698,29.9403184230534,-0.0134181283970455,0.00454184953577053
0.483289472900648,29.9025159862314,0.150461356036755,0.00533477073597903
0.322397125141327,29.6605100822776,0.0247465194822028,0.00448814851735913
0.338757889097116,29.9030082535749,0.0874267731051693,0.00460089485966292
0.329420607608476,30.3177307808956,-0.24342951393281,0.00481272712287392
0.291261803368056,29.6947088191631,0.144454712707684,0.00453189670572182
0.349131737889038,29.8299929437537,-0.0837873693996931,0.00459585614249655
0.290054183848644,29.9585307068826,-0.0869454389555105,0.00448688221537241
0.303698683209008,30.2907828724519,0.113818387403709,0.00460579755527768
0.344801385699416,29.8158580126416,0.213262265743005,0.00476880946396338
0.263570756684352,29.9621603861998,-0.14644457987635,0.00451113950719401
0.317807570124821,29.8602896868875,0.0767628091034222,0.00453522416424143
0.378161938994646,29.8074786883343,0.0258417514328113,0.00467743600745627
0.278023137575989,29.8055057783389,-0.143526007729264,0.0044978707886382
0.259312462721322,30.4157157258653,0.113651637561179,0.00456623286561128
0.255269301264663,29.9385333060277,-0.110360538529557,0.00446324237815612
0.302549943204749,29.9949956714692,-0.0609018445794302,0.00450014421328571
0.297627424729942,29.7606142921689,0.00635882048573516,0.00444860458665952
0.216632597064483,29.6037019132042,-0.0446995963897272,0.004360895772865
0.322608236173316,29.7015678602315,0.075790049981243,0.00452111782126799
0.418355476946787,29.7163249709954,-0.165865152949895,0.00490145919803953
0.245452984875591,29.5673792199328,-0.0691899988723294,0.00437276999514483
0.361905928785976,30.1624903357776,-0.118691318578293,0.0047092848203629
0.34068732321341,30.0073431218969,0.0222882118409576,0.0045865366459481
0.256586701996596,30.0195581838778,-0.234387217344254,0.00466249129825599
0.28205567854387,30.3487184837725,0.0389865628914813,0.0045216544564578
0.290226401801866,29.8244983870973,-0.0941115683265877,0.00447175594234317
0.222186966059161,29.9260928812895,0.0666585977327386,0.00443252662039839
0.282579733973514,30.0562371966548,-0.0545627535161352,0.00447459925562674
0.339744598837542,29.6403147507422,0.0600394145599506,0.00454426078904102
0.292567103681752,29.9269037643511,-0.218368165493965,0.00464378718181463
0.221547922360859,30.4536518214229,-0.0704985563058491,0.00449797488683715
0.218208231283372,30.1737538361629,-0.0625324732960904,0.00445234702858899
0.304140650167674,29.9046674493214,-0.146819180358672,0.00455383278426888
0.345776310521313,30.0776465369069,-0.0553195226956063,0.00461238266427486
0.307565908487838,29.4824002350493,-0.197580184334093,0.00456196157938113
0.347197881667753,30.0192174086384,0.10336405593955,0.00465610919051152
0.303061075079866,29.9758959419531,-0.0957638356713541,0.00451690420274645
0.345910983349961,30.2465968211805,0.00929982765991482,0.00463486971384022
0.323218292038532,29.828182352009,0.0654939999532622,0.00453478911256078
0.36247753589694,29.7420250137963,0.116796516298535,0.004672506719481
0.251031006080416,29.5686482821103,-0.0211180176544065,0.00436186059133276
0.229924875053658,29.8345782936654,0.242178419317699,0.00471036913551365
0.274893752632805,29.7922215363066,0.105847875005415,0.00447911209242352
0.29255280581,29.8168758506566,-0.0267944881635044,0.00444753990809313
0.24296476738611,29.8932904620129,-0.128373621724704,0.00446805926613217
0.289072917124321,29.6633457608708,-0.0835338925042027,0.00443913427663156
0.387162816173974,30.3571280451064,-0.298910002643611,0.00509433794337365
0.2899833653747,30.3315052286366,-0.0966769818529561,0.00454921875693423
0.378989517544948,30.0322449784807,-0.0873987413705674,0.00472738535141223
0.309423160871013,30.1711443565663,-0.0739200960196504,0.00454558214507286
0.309818100411101,29.8725690012693,0.0645486167327226,0.00451190360126383
0.292486381729123,30.1689675240462,-0.0420954714263244,0.0045026846894706
0.357229201258313,30.0926178393102,-0.0672721538631295,0.0046533512158761
0.208603799666734,30.2518477745894,-0.141890114793331,0.00454057261091057
0.248498281873464,29.527832262617,0.0456359370599446,0.00436880627025882
0.240414881884278,29.7621705682355,0.0285410755603744,0.00439126470024054
0.245631675875493,30.3677939797515,-0.0221555498753192,0.00447627193748842
0.275676574637403,29.5442248459146,0.0412049793697492,0.00439445114471501
0.311697532826797,30.1678189752646,0.000645954965074204,0.00453587446122553
0.270117476071617,30.1517438994028,-0.00432471851116801,0.00446562071743242
0.341108589087466,29.9022228343777,-0.125096205420241,0.00461314186233217
0.26231818116678,30.2921451396587,0.160557475081122,0.00461514540902258
0.224577794426364,30.242123217402,-0.0424612506910072,0.00445435209362471
0.424654212149419,29.9658378936195,-0.101485767374161,0.00492051993972112
0.381283299573581,29.9853932286387,-0.0858837603747412,0.00472773093339249
0.246653646880381,30.3518617218213,-0.13595671272093,0.00454678844215004
0.304791615679299,30.2042388663945,-0.262702106795639,0.00479181402574563
0.327473334206316,30.4599445261213,0.19918003329839,0.00480338805716016
0.277583710878734,29.8820936279044,0.100937104339395,0.00449080615828643
0.27612225563725,29.7770852525357,0.0561622006238624,0.00443761684265245
0.270288146515933,30.2087210671472,-0.118923717398804,0.00452434677734356
0.330155995405388,29.8440608471622,-0.31318986616949,0.00489369142616268
0.308183810571284,30.1233909389217,-0.099107247843394,0.0045510519607308
0.347353585389834,29.8494208969796,-0.0917733773839647,0.00459815733902685
0.278570158436132,30.2351173537407,-0.143289901063663,0.00456305521249276
0.279640260098659,30.0361567954591,0.0220072341546557,0.00446537569154668
0.355357489807636,30.0293324780644,0.0577019399879134,0.00464827199156523
0.261616917084193,29.8796449138414,0.0383820195976663,0.00442764901451534
0.287193141350416,30.010481633504,-0.0154780694693654,0.00446718396297358
0.26075252229792,29.9387877700982,0.0635902780355924,0.00444996727469979
0.367586551423119,30.2437112872143,-0.161217331412484,0.00478083277592192
0.304341915954177,29.8310613941661,-0.0725549983145581,0.00448394071285935
0.345222641345443,29.7340186587085,-0.00968412279331129,0.00455214726736095
0.352597498390994,29.9999347902191,0.0860616969343361,0.00465429824197741
0.284016986043592,29.8211796825619,-0.0121591261992432,0.00443428702156365
0.298554886555609,29.9684596314358,-0.054021819041379,0.00448647789494158
0.373556444369024,30.3240302895263,-0.0843524436580755,0.00475192979961472
